rango,parola,frequenza
1,non,145637
2,di,129302
3,che,128567
4,è,105309
5,e,99519
6,la,92752
7,il,83487
8,un,81762
9,a,78680
10,per,59380
11,in,48533
12,una,48229
13,mi,46947
14,sono,45347
15,ho,39064
16,ma,36205
17,l',35870
18,lo,35124
19,ha,34790
20,le,34746
21,si,33241
22,ti,32019
23,i,31815
24,con,31308
25,cosa,31234
26,se,30499
27,io,29889
28,come,29466
29,da,29377
30,ci,26946
31,no,26890
32,questo,21657
33,qui,21180
34,e',21146
35,hai,21074
36,sei,20075
37,del,19601
38,bene,19550
39,tu,19491
40,sì,18635
41,me,18106
42,più,18088
43,al,17129
44,mio,16884
45,c',16308
46,perché,15936
47,lei,15587
48,solo,15422
49,te,15108
50,era,14826
51,gli,14766
52,tutto,14665
53,della,14479
54,così,14303
55,mia,13350
56,ne,13100
57,questa,12583
58,fare,12377
59,quando,12323
60,ora,12011
61,fatto,11587
62,essere,11550
63,so,11488
64,mai,11206
65,chi,10928
66,o,10627
67,alla,10582
68,tutti,10502
69,molto,10449
70,dei,10328
71,anche,10295
72,detto,10192
73,quello,9994
74,va,9985
75,niente,9918
76,grazie,9755
77,lui,9579
78,voglio,9358
79,abbiamo,8984
80,stato,8927
81,nel,8849
82,suo,8755
83,dove,8739
84,posso,8659
85,oh,8653
86,prima,8574
87,allora,8346
88,siamo,8337
89,d',8323
90,uno,8290
91,un',8236
92,sua,8233
93,tuo,8209
94,hanno,8202
95,noi,8189
96,sta,8183
97,fa,8121
98,due,7954
99,vuoi,7948
100,ancora,7909
101,qualcosa,7611
102,vero,7524
103,casa,7523
104,sia,7446
105,su,7426
106,tua,7337
107,sempre,7312
108,forse,6809
109,dire,6642
110,vi,6614
111,loro,6570
112,i',6500
113,altro,6458
114,sai,6415
115,stai,6375
116,devo,6373
117,quella,6243
118,vita,6209
119,quel,6133
120,delle,6047
121,tempo,6027
122,andare,5968
123,certo,5915
124,poi,5884
125,nella,5878
126,uomo,5866
127,signore,5837
128,ad,5729
129,po',5678
130,può,5591
131,credo,5584
132,voi,5572
133,già,5569
134,adesso,5553
135,andiamo,5534
136,anni,5436
137,all',5335
138,visto,5275
139,fuori,5165
140,proprio,5153
141,parte,5139
142,davvero,5123
143,vuole,5081
144,li,5070
145,dell',5062
146,sto,5056
147,quanto,4986
148,volta,4943
149,via,4935
150,sul,4859
151,é,4839
152,dio,4819
153,sarà,4791
154,dopo,4752
155,senza,4674
156,cose,4663
157,nessuno,4612
158,fai,4558
159,giorno,4556
160,ed,4552
161,meglio,4532
162,padre,4512
163,puoi,4465
164,ciao,4424
165,cos',4202
166,devi,4168
167,ecco,4149
168,qualcuno,4116
169,dal,4104
170,lavoro,4102
171,sa,4096
172,ai,4065
173,vedere,4037
174,ogni,4021
175,ii,4001
176,troppo,3998
177,posto,3980
178,cui,3939
179,tanto,3899
180,male,3894
181,dai,3893
182,ce,3893
183,bisogno,3880
184,signor,3837
185,beh,3790
186,perchè,3748
187,vieni,3729
188,alle,3724
189,dalla,3723
190,stata,3711
191,tra,3671
192,vai,3664
193,ehi,3663
194,miei,3648
195,amico,3633
196,dice,3584
197,sarebbe,3580
198,avete,3577
199,altra,3570
200,deve,3567
201,sulla,3539
202,qualche,3519
203,sembra,3438
204,gente,3405
205,dobbiamo,3402
206,modo,3390
207,tre,3341
208,momento,3336
209,prego,3326
210,parlare,3302
211,mamma,3296
212,guarda,3277
213,signora,3272
214,grande,3267
215,lì,3255
216,madre,3196
217,possiamo,3176
218,avanti,3158
219,avere,3146
220,successo,3145
221,ero,3124
222,donna,3124
223,nuovo,3121
224,ah,3116
225,faccio,3087
226,aveva,3084
227,nostro,3081
228,degli,3067
229,questi,3048
230,siete,3040
231,forza,3030
232,piace,2997
233,bella,2984
234,dov',2983
235,soldi,2978
236,avevo,2974
237,favore,2947
238,fosse,2930
239,altri,2904
240,dispiace,2902
241,subito,2891
242,dentro,2873
243,oggi,2867
244,accordo,2857
245,tutta,2821
246,faccia,2793
247,nome,2782
248,ok,2764
249,notte,2762
250,queste,2759
251,figlio,2755
252,mondo,2747
253,nostra,2744
254,sapere,2738
255,vado,2732
256,tutte,2709
257,aspetta,2707
258,amore,2695
259,moglie,2688
260,sicuro,2673
261,suoi,2637
262,penso,2635
263,paura,2635
264,idea,2631
265,testa,2605
266,papà,2585
267,giusto,2583
268,eh,2575
269,vorrei,2574
270,senti,2566
271,presto,2551
272,uomini,2546
273,ll,2542
274,basta,2536
275,potrebbe,2530
276,stesso,2527
277,avuto,2521
278,porta,2516
279,erano,2486
280,stare,2483
281,buona,2467
282,quindi,2440
283,farlo,2434
284,appena,2426
285,abbia,2422
286,ragione,2417
287,sentito,2400
288,ragazzi,2365
289,domani,2350
290,ragazza,2336
291,ragazzo,2332
292,insieme,2329
293,sotto,2324
294,volevo,2318
295,pronto,2318
296,nei,2317
297,ciò,2305
298,volte,2295
299,capito,2289
300,succede,2288
301,preso,2284
302,facendo,2282
303,piacere,2260
304,morto,2244
305,tuoi,2217
306,capitano,2215
307,letto,2205
308,storia,2197
309,caso,2180
310,trovato,2167
311,amici,2115
312,venire,2109
313,dico,2108
314,capisco,2104
315,problema,2096
316,fino,2095
317,tipo,2093
318,là,2090
319,qua,2085
320,pensi,2073
321,aver,2070
322,giorni,2066
323,cazzo,2065
324,okay,2062
325,nulla,2057
326,bello,2056
327,persone,2051
328,buon,2022
329,terra,2020
330,ia,2009
331,dato,1995
332,secondo,1986
333,film,1981
334,nell',1964
335,mano,1958
336,facciamo,1947
337,vediamo,1927
338,vedo,1924
339,stanno,1924
340,avrei,1917
341,prendere,1915
342,dici,1914
343,serve,1913
344,morte,1904
345,meno,1900
346,città,1894
347,occhi,1876
348,fine,1870
349,sig,1868
350,ê,1852
351,tesoro,1843
352,scusi,1842
353,primo,1839
354,credi,1835
355,salve,1829
356,nave,1824
357,stiamo,1822
358,sera,1815
359,piano,1809
360,sento,1805
361,macchina,1805
362,vostro,1800
363,mani,1799
364,neanche,1796
365,dall',1794
366,dottore,1786
367,quale,1778
368,abbastanza,1777
369,tardi,1773
370,bel,1772
371,cuore,1770
372,famiglia,1767
373,far,1766
374,stati,1763
375,aiuto,1748
376,diavolo,1746
377,nostri,1744
378,col,1740
379,quasi,1728
380,polizia,1724
381,capo,1718
382,avrebbe,1718
383,quei,1714
384,mie,1713
385,tornare,1711
386,però,1706
387,contro,1704
388,viene,1703
389,mentre,1703
390,scusa,1687
391,sola,1686
392,spero,1681
393,quelle,1677
394,trovare,1670
395,giro,1665
396,anch',1662
397,guerra,1658
398,sue,1657
399,bambino,1654
400,strada,1638
401,vecchio,1635
402,fratello,1627
403,acqua,1620
404,stasera,1619
405,pensavo,1614
406,chiama,1600
407,persona,1598
408,vedi,1593
409,fu,1593
410,anno,1585
411,vostra,1584
412,veramente,1580
413,finito,1578
414,marito,1575
415,minuti,1566
416,giù,1566
417,donne,1562
418,bravo,1561
419,bambini,1559
420,ricordi,1557
421,quelli,1557
422,state,1552
423,ore,1552
424,stavo,1549
425,dovuto,1549
426,nemmeno,1545
427,venuto,1543
428,indietro,1538
429,stessa,1537
430,importa,1532
431,nessun,1531
432,punto,1529
433,invece,1521
434,perso,1519
435,possibile,1513
436,ucciso,1510
437,forte,1509
438,pensato,1506
439,dovrebbe,1506
440,pensa,1504
441,poco,1503
442,parla,1488
443,farò,1478
444,cercando,1478
445,l,1477
446,verità,1470
447,andato,1470
448,quell',1450
449,re,1448
450,fanno,1444
451,potrei,1440
452,importante,1439
453,quest',1435
454,amo,1433
455,chiesto,1432
456,cosi,1429
457,nelle,1424
458,felice,1420
459,piedi,1418
460,merda,1415
461,piccolo,1399
462,prendi,1392
463,dietro,1391
464,sapevo,1389
465,buongiorno,1386
466,passato,1379
467,dollari,1371
468,com',1371
469,pure,1366
470,pensare,1360
471,cinque,1360
472,vicino,1357
473,uscire,1353
474,conosco,1350
475,verso,1344
476,altre,1344
477,quattro,1342
478,morire,1338
479,sangue,1337
480,john,1337
481,eri,1333
482,almeno,1333
483,dica,1325
484,lascia,1324
485,vivere,1306
486,colpa,1303
487,portato,1299
488,entrare,1298
489,ricordo,1297
490,pace,1278
491,roba,1277
492,Jack,1277
493,migliore,1276
494,fate,1276
495,difficile,1273
496,settimana,1267
497,ultima,1266
498,dovrei,1265
499,fatta,1264
500,conto,1252
501,stanza,1242
502,fra,1240
503,comunque,1238
504,sentire,1235
505,numero,1234
506,parlato,1233
507,mente,1232
508,messo,1231
509,strano,1219
510,fortuna,1219
511,perdere,1217
512,tue,1211
513,né,1211
514,figlia,1210
515,molti,1200
516,volete,1199
517,dottor,1194
518,parola,1193
519,signori,1188
520,andata,1186
521,vista,1184
522,vede,1181
523,nessuna,1181
524,finché,1177
525,dare,1167
526,dammi,1165
527,mr,1164
528,mesi,1160
529,fuoco,1160
530,voleva,1156
531,mangiare,1156
532,lasciato,1156
533,figli,1156
534,serio,1153
535,paese,1152
536,farà,1152
537,capire,1151
538,mezzo,1149
539,prova,1145
540,cara,1137
541,perche',1133
542,cane,1125
543,dimmi,1123
544,fossi,1120
545,senso,1114
546,james,1112
547,riesco,1111
548,ieri,1111
549,possa,1109
550,potuto,1108
551,scuola,1101
552,s,1097
553,possono,1095
554,lavorare,1093
555,significa,1092
556,resto,1085
557,vada,1083
558,piccola,1083
559,pare,1081
560,bere,1080
561,ben,1079
562,cena,1077
563,giovane,1075
564,problemi,1073
565,quanti,1069
566,gran,1066
567,attimo,1063
568,ascolta,1062
569,agli,1060
570,dovresti,1055
571,corpo,1055
572,musica,1053
573,gioco,1053
574,qual,1051
575,aria,1047
576,sarò,1045
577,farmi,1045
578,magari,1044
579,davanti,1044
580,new,1039
581,chiamo,1039
582,genere,1037
583,libro,1036
584,domanda,1036
585,chiamato,1034
586,passare,1033
587,dalle,1032
588,campo,1032
589,lungo,1028
590,torna,1027
591,paio,1027
592,stava,1024
593,finita,1023
594,saranno,1022
595,vogliono,1021
596,hey,1020
597,cielo,1020
598,parole,1016
599,auto,1016
600,sorella,1013
601,nuova,1011
602,stia,1009
603,signorina,1000
604,festa,999
605,spiace,998
606,sopra,996
607,bisogna,994
608,vuol,993
609,telefono,993
610,affari,991
611,facile,987
612,parlando,977
613,caro,977
614,sui,972
615,pronti,970
616,restare,969
617,attenzione,967
618,crede,965
619,nostre,961
620,controllo,959
621,molte,957
622,unica,956
623,dovremmo,956
624,farti,955
625,soltanto,950
626,piu',950
627,buono,950
628,puttana,949
629,vivo,947
630,sappiamo,947
631,luce,947
632,generale,943
633,qualsiasi,941
634,vogliamo,940
635,ultimo,939
636,dicono,931
637,benissimo,931
638,harry,930
639,foto,928
640,unico,927
641,onore,927
642,ragazze,926
643,scritto,925
644,andate,925
645,tieni,920
646,siano,915
647,ufficio,914
648,entra,914
649,chiedo,906
650,coraggio,904
651,andando,904
652,venga,903
653,dieci,902
654,credevo,901
655,voglia,894
656,potremmo,891
657,esatto,888
658,credere,888
659,tratta,882
660,eravamo,881
661,arrivato,878
662,bambina,877
663,pistola,875
664,voce,874
665,dormire,872
666,lasci,871
667,avessi,871
668,chiaro,870
669,aspetto,868
670,squadra,867
671,attento,867
672,cerca,866
673,ordine,865
674,joey,862
675,arrivederci,862
676,arriva,861
677,armi,861
678,sulle,860
679,ormai,860
680,maggiore,855
681,fretta,855
682,sarai,853
683,sacco,852
684,fatti,852
685,york,851
686,parli,850
687,colpo,849
688,sarei,846
689,m',845
690,caffè,845
691,capisci,842
692,dicendo,840
693,vostri,839
694,camera,837
695,alcuni,837
696,cercare,835
697,arrivo,830
698,aspettare,829
699,situazione,828
700,faremo,828
701,deciso,828
702,esattamente,827
703,dev',816
704,addio,815
705,scena,812
706,inglese,812
707,perfetto,811
708,potete,810
709,fammi,808
710,alto,807
711,dello,806
712,prendo,805
713,conosci,805
714,be',805
715,sapete,802
716,pazzo,802
717,chiami,802
718,tornato,801
719,sicura,801
720,lasciare,798
721,capelli,796
722,potere,795
723,avevi,794
724,morti,793
725,avrà,793
726,fantastico,791
727,matrimonio,788
728,passo,787
729,portare,786
730,aspetti,786
731,torno,782
732,arrivare,782
733,guai,781
734,trova,779
735,motivo,778
736,resta,775
737,inizio,774
738,smettila,773
739,diventare,773
740,potresti,772
741,n',772
742,voluto,771
743,vanno,770
744,disse,770
745,morta,769
746,de,769
747,bagno,768
748,zio,767
749,futuro,767
750,sbagliato,762
751,guardi,761
752,cosi',761
753,sicurezza,759
754,pezzo,759
755,devono,759
756,venuta,757
757,allo,756
758,tenente,753
759,silenzio,753
760,porto,751
761,uccidere,750
762,odio,750
763,sull',749
764,giocare,749
765,lontano,748
766,durante,748
767,segreto,747
768,sole,746
769,mettere,746
770,venite,744
771,dirmi,743
772,sistema,741
773,viaggio,740
774,causa,740
775,r,739
776,comandante,739
777,settimane,738
778,semplice,738
779,minuto,738
780,divertente,738
781,avresti,736
782,grandi,734
783,presidente,732
784,bocca,732
785,permesso,731
786,vecchia,730
787,culo,730
788,sogno,728
789,glielo,727
790,c,727
791,guardare,725
792,probabilmente,724
793,vengo,723
794,lasciami,720
795,ie,720
796,negli,718
797,do,716
798,fermo,715
799,zitto,712
800,vera,712
801,tante,712
802,ln,712
803,colonnello,712
804,stupido,710
805,cristo,709
806,conosce,707
807,fame,704
808,cura,704
809,prigione,703
810,finire,703
811,farai,702
812,d,702
813,buonanotte,702
814,tom,699
815,prossima,699
816,brava,695
817,specie,694
818,prende,693
819,piacerebbe,691
820,circa,691
821,funziona,690
822,dovete,690
823,brutto,690
824,vattene,689
825,sente,689
826,cavallo,688
827,peccato,686
828,mattina,686
829,consiglio,686
830,cambiare,685
831,saperlo,684
832,usare,680
833,naturalmente,680
834,continua,680
835,scelta,678
836,possibilità,678
837,spesso,677
838,dà,676
839,dirti,675
840,piuttosto,674
841,trovo,673
842,fondo,672
843,ricorda,671
844,guardate,671
845,ospedale,670
846,qualunque,668
847,maria,668
848,andrà,668
849,legge,666
850,agente,666
851,oltre,665
852,avesse,665
853,servizio,664
854,tanti,663
855,messaggio,663
856,giornata,663
857,faceva,662
858,energia,659
859,incredibile,656
860,sala,655
861,mandato,655
862,chiamare,653
863,doveva,652
864,libero,651
865,aereo,651
866,ricevuto,649
867,porti,648
868,preoccuparti,647
869,uh,644
870,finalmente,644
871,quali,643
872,stronzo,642
873,mostro,642
874,sette,641
875,pronta,640
876,metti,640
877,henry,640
878,programma,637
879,poteva,637
880,parti,637
881,saputo,634
882,partita,634
883,gentile,633
884,poter,632
885,freddo,632
886,s',629
887,piacciono,629
888,clark,629
889,vederti,628
890,domande,628
891,peggio,627
892,sanno,626
893,genitori,626
894,amica,626
895,solito,625
896,anima,625
897,terribile,624
898,buonasera,624
899,oro,623
900,occhio,623
901,si',622
902,radio,621
903,quante,620
904,pieno,620
905,rapporto,619
906,avrai,619
907,alcune,619
908,provare,618
909,carino,616
910,scoperto,615
911,america,614
912,denaro,613
913,compagnia,611
914,interessante,609
915,avvocato,609
916,t',607
917,vestito,606
918,ottimo,606
919,avevano,605
920,esercito,604
921,vestiti,602
922,treno,602
923,succedendo,602
924,mese,602
925,impossibile,602
926,chiunque,602
927,vale,599
928,nello,599
929,milioni,598
930,cibo,598
931,tempi,597
932,jim,597
933,piu,596
934,laggiù,596
935,intorno,596
936,servono,595
937,chiave,595
938,coi,593
939,diritto,591
940,dimenticato,591
941,ve,590
942,natale,589
943,calma,589
944,altrimenti,589
945,t,588
946,miss,588
947,provato,587
948,dirlo,587
949,cinema,587
950,chiedere,587
951,ritardo,585
952,realtà,585
953,mare,585
954,maestro,584
955,tv,583
956,pagare,583
957,pianeta,582
958,fronte,582
959,addosso,582
960,entrambi,581
961,dia,580
962,cambiato,580
963,interessa,579
964,assolutamente,579
965,risposta,577
966,rispetto,576
967,pena,575
968,gesù,575
969,michael,574
970,incontro,574
971,cercato,574
972,occhiata,573
973,pensando,572
974,cioè,572
975,the,571
976,notizie,571
977,sorpresa,568
978,bastardo,568
979,salute,567
980,lettera,567
981,incidente,567
982,grosso,567
983,soli,566
984,mica,565
985,sembrava,564
986,grado,564
987,aiutare,564
988,sinistra,563
989,dovevo,563
990,contento,563
991,canzone,563
992,sapeva,562
993,santo,562
994,verrà,560
995,saremo,560
996,speciale,559
997,diceva,559
998,posizione,558
999,gruppo,558
1000,giuro,555
1001,va',554
1002,m,554
1003,dolore,554
1004,bordo,554
1005,idiota,552
1006,missione,551
1007,dunque,551
1008,billy,549
1009,pranzo,548
1010,direi,548
1011,joe,546
1012,dolce,546
1013,medico,544
1014,parigi,543
1015,dagli,542
1016,fin,540
1017,farci,540
1018,diverso,540
1019,ama,539
1020,trovi,538
1021,sta',538
1022,sesso,538
1023,dirò,538
1024,base,538
1025,partire,537
1026,prove,536
1027,chiuso,536
1028,scusate,535
1029,linea,534
1030,umano,533
1031,ponte,533
1032,esempio,533
1033,vengono,532
1034,rimasto,532
1035,mille,532
1036,caccia,532
1037,stanotte,531
1038,frank,531
1039,continuare,531
1040,simile,530
1041,prossimo,530
1042,libertà,530
1043,normale,529
1044,comando,528
1045,accidenti,528
1046,tenere,527
1047,scrivere,527
1048,questione,526
1049,principe,526
1050,pezzi,526
1051,arma,526
1052,rumore,525
1053,ordini,525
1054,siediti,524
1055,apri,524
1056,appuntamento,524
1057,potevo,522
1058,destra,522
1059,nero,521
1060,bianco,521
1061,oppure,520
1062,charlie,520
1063,nemico,519
1064,completamente,518
1065,necessario,515
1066,pubblico,513
1067,personale,513
1068,parlo,512
1069,vinto,511
1070,vino,510
1071,fermi,510
1072,volevi,509
1073,otto,509
1074,guardia,509
1075,errore,508
1076,braccio,507
1077,assassino,507
1078,manca,506
1079,promesso,504
1080,affatto,504
1081,insomma,503
1082,caldo,502
1083,zona,501
1084,vostre,500
1085,leggere,500
1086,spettacolo,499
1087,metà,499
1088,eccolo,499
1089,dott,499
1090,seconda,498
1091,passa,498
1092,dura,498
1093,attacco,498
1094,secondi,497
1095,tranquillo,496
1096,avevamo,496
1097,n,495
1098,duro,495
1099,spirito,494
1100,razza,494
1101,piû,494
1102,destino,494
1103,studio,493
1104,immagino,493
1105,centro,493
1106,capisce,493
1107,aspettando,493
1108,scusami,492
1109,arrivati,492
1110,forma,491
1111,cervello,491
1112,saresti,489
1113,regina,489
1114,george,488
1115,sud,487
1116,intendo,487
1117,di',487
1118,passi,485
1119,spazio,484
1120,b,484
1121,sposato,483
1122,luna,483
1123,gamba,482
1124,esserci,482
1125,computer,482
1126,chiesa,482
1127,speranza,481
1128,scappare,481
1129,bellissima,481
1130,piena,480
1131,conosciuto,480
1132,affare,479
1133,tizio,476
1134,senta,476
1135,presa,476
1136,pochi,476
1137,esiste,474
1138,tai,473
1139,povero,471
1140,libri,471
1141,lavora,471
1142,informazioni,471
1143,san,470
1144,cerco,470
1145,cavalli,470
1146,ballo,470
1147,vive,468
1148,serata,468
1149,rosso,468
1150,migliori,468
1151,brutta,467
1152,stessi,466
1153,luogo,466
1154,david,466
1155,fossero,465
1156,ë,465
1157,proposito,464
1158,popolo,464
1159,omicidio,464
1160,colpito,464
1161,umani,463
1162,johnny,462
1163,farebbe,462
1164,visita,460
1165,sam,460
1166,potrebbero,460
1167,occasione,460
1168,f,460
1169,carne,460
1170,uscita,459
1171,sissignore,459
1172,palla,459
1173,navi,459
1174,tocca,458
1175,ami,458
1176,belle,457
1177,arrivando,456
1178,ritorno,455
1179,giusta,455
1180,esperienza,455
1181,scelto,454
1182,differenza,454
1183,chiudi,454
1184,carina,454
1185,scarpe,453
1186,piangere,453
1187,p,453
1188,intenzione,453
1189,prue,452
1190,prenda,452
1191,pericolo,452
1192,avremo,452
1193,aspettate,452
1194,torni,451
1195,stargate,451
1196,certamente,451
1197,fratelli,450
1198,regalo,449
1199,ferma,448
1200,lista,447
1201,entro,445
1202,temo,444
1203,vedrai,443
1204,sogni,443
1205,sappia,443
1206,molta,443
1207,diventato,443
1208,cucina,443
1209,triste,442
1210,tale,442
1211,soldati,442
1212,lascio,442
1213,chissà,442
1214,dite,440
1215,fallo,439
1216,veloce,438
1217,digli,438
1218,certa,437
1219,naso,436
1220,attraverso,435
1221,rotta,434
1222,inferno,434
1223,imparare,433
1224,bacio,433
1225,viva,432
1226,riuscito,432
1227,nonno,432
1228,volo,431
1229,jimmy,431
1230,carta,430
1231,pomeriggio,429
1232,aperto,428
1233,potrà,427
1234,direttore,427
1235,vorrà,426
1236,schifo,425
1237,imparato,425
1238,francese,424
1239,sembri,423
1240,età,422
1241,son,421
1242,passaggio,421
1243,lunga,421
1244,gambe,421
1245,conoscere,421
1246,segno,420
1247,negozio,420
1248,fiume,420
1249,ascoltami,420
1250,voyager,419
1251,sé,419
1252,rubato,419
1253,posti,419
1254,vivi,418
1255,parliamo,418
1256,adoro,418
1257,vederlo,417
1258,memoria,417
1259,farsi,417
1260,ridere,416
1261,intero,416
1262,vecchi,415
1263,professore,415
1264,avrò,415
1265,fc,413
1266,buone,413
1267,figliolo,412
1268,cattivo,412
1269,vorrebbe,411
1270,soldato,411
1271,scherzando,411
1272,rimanere,411
1273,lato,411
1274,birra,411
1275,appartamento,411
1276,blu,410
1277,spalle,409
1278,meraviglioso,409
1279,inutile,409
1280,equipaggio,409
1281,comprare,409
1282,vederla,408
1283,rotto,408
1284,giornale,408
1285,ballare,408
1286,anna,408
1287,seguito,407
1288,nonna,407
1289,cani,407
1290,nove,406
1291,andrò,406
1292,ale,406
1293,riguardo,405
1294,puô,405
1295,controllare,405
1296,classe,405
1297,tavolo,404
1298,nord,404
1299,latte,404
1300,corso,404
1301,sergente,403
1302,perciò,403
1303,governo,403
1304,alcun,403
1305,venuti,402
1306,segnale,402
1307,danno,402
1308,aiuti,402
1309,piú,401
1310,scommetto,400
1311,reale,400
1312,eddie,400
1313,incontrato,399
1314,banca,399
1315,uscito,398
1316,salvare,398
1317,mangia,398
1318,fiori,398
1319,torniamo,397
1320,finestra,397
1321,diciamo,397
1322,benvenuto,397
1323,ufficiale,396
1324,borsa,395
1325,arrivata,395
1326,suppongo,394
1327,battaglia,394
1328,rende,392
1329,poliziotto,392
1330,pericoloso,392
1331,fa',392
1332,cerchi,392
1333,villaggio,391
1334,ovviamente,391
1335,fede,391
1336,comincia,391
1337,ch,391
1338,decisione,389
1339,accanto,388
1340,principessa,387
1341,opera,387
1342,mike,387
1343,dovere,387
1344,avremmo,387
1345,averlo,387
1346,stupida,386
1347,sparato,386
1348,sicuramente,386
1349,giovani,386
1350,bar,386
1351,usa,385
1352,nato,385
1353,gioia,385
1354,padrone,384
1355,chiamata,384
1356,tanta,383
1357,scoprire,383
1358,libera,383
1359,data,383
1360,animali,383
1361,gii,382
1362,calmati,382
1363,prometto,381
1364,herriot,381
1365,preoccupare,380
1366,tè,379
1367,rosa,379
1368,riesce,379
1369,ricerca,379
1370,iniziare,379
1371,dovrà,378
1372,chiedi,378
1373,soio,377
1374,paul,377
1375,metri,377
1376,dovremo,377
1377,stazione,376
1378,difesa,376
1379,aprire,376
1380,alzati,376
1381,andati,375
1382,colazione,374
1383,teatro,373
1384,storie,373
1385,iniziato,373
1386,barca,373
1387,società,372
1388,lupo,372
1389,lezione,372
1390,fece,372
1391,uniti,371
1392,preferisco,371
1393,vento,370
1394,pelle,370
1395,parlarti,370
1396,intera,370
1397,dovrai,370
1398,combattere,370
1399,bob,370
1400,gloria,369
1401,dovrebbero,369
1402,macchine,368
1403,anzi,368
1404,ultimi,367
1405,sparare,367
1406,metto,367
1407,star,366
1408,dati,366
1409,darmi,366
1410,dawson,365
1411,contatto,365
1412,amor,365
1413,walter,364
1414,regole,364
1415,mary,364
1416,effetti,364
1417,tony,363
1418,sentite,363
1419,soprattutto,362
1420,saltare,362
1421,gliel',362
1422,avrebbero,362
1423,comprato,360
1424,bellezza,360
1425,and,360
1426,usato,359
1427,ovunque,359
1428,notizia,359
1429,compleanno,359
1430,buio,359
1431,troia,358
1432,codice,358
1433,sarebbero,357
1434,fermati,357
1435,farei,357
1436,vincere,356
1437,lavorato,356
1438,compagno,356
1439,richard,355
1440,processo,355
1441,lasciate,355
1442,stamattina,354
1443,puo',354
1444,contrario,354
1445,terzo,353
1446,presente,353
1447,oddio,353
1448,effetto,353
1449,colpevole,353
1450,andremo,353
1451,azione,352
1452,alta,352
1453,suono,351
1454,stanco,351
1455,preoccupi,351
1456,persino,351
1457,sposa,350
1458,spada,350
1459,pagato,350
1460,muoviti,350
1461,sceriffo,349
1462,natura,349
1463,isola,349
1464,chiamano,349
1465,amato,349
1466,vaffanculo,348
1467,mette,348
1468,matto,348
1469,er,348
1470,dovrò,348
1471,darti,348
1472,londra,347
1473,cominciare,347
1474,attenti,347
1475,stavamo,346
1476,salvato,346
1477,riesci,346
1478,pò,346
1479,lavori,346
1480,farle,346
1481,ride,345
1482,lingua,345
1483,contenta,345
1484,cambio,345
1485,biglietto,345
1486,ristorante,344
1487,pietra,344
1488,paga,344
1489,nascosto,344
1490,jake,344
1491,innamorato,344
1492,hotel,344
1493,dubbio,344
1494,danny,344
1495,albergo,344
1496,potesse,343
1497,felici,343
1498,farla,343
1499,emergenza,343
1500,americano,343
1501,palle,342
1502,nuove,342
1503,infatti,342
1504,scherzo,341
1505,pesce,341
1506,angelina,341
1507,poteri,340
1508,livello,340
1509,domattina,340
1510,viso,339
1511,trovata,339
1512,scopo,339
1513,quegli,339
1514,cominciato,339
1515,aiutami,339
1516,provi,338
1517,piccoli,338
1518,ispettore,338
1519,intelligente,338
1520,esci,338
1521,tuvok,337
1522,seduto,337
1523,nuovi,337
1524,desiderio,337
1525,comune,337
1526,carriera,337
1527,stronzate,336
1528,grave,336
1529,collo,336
1530,bellissimo,336
1531,stavi,335
1532,sembrano,335
1533,frankenstein,335
1534,fortunato,335
1535,faranno,335
1536,bè,335
1537,ascolti,335
1538,visti,334
1539,robert,334
1540,massimo,334
1541,fiducia,333
1542,riguarda,332
1543,maledizione,332
1544,lettere,332
1545,correre,332
1546,urla,331
1547,stesse,331
1548,prezzo,331
1549,pazza,331
1550,guida,331
1551,semplicemente,330
1552,piaciuto,330
1553,egli,330
1554,peter,329
1555,sapevi,328
1556,ottima,328
1557,innocente,328
1558,braccia,328
1559,strana,327
1560,idee,327
1561,costa,327
1562,certe,327
1563,ricco,326
1564,doc,326
1565,dirle,326
1566,immediatamente,325
1567,eroe,325
1568,ringrazio,324
1569,partito,324
1570,mal,324
1571,madame,324
1572,dovevi,324
1573,purtroppo,323
1574,portata,323
1575,cappello,322
1576,arte,322
1577,suona,321
1578,prendete,321
1579,dipende,321
1580,vedete,320
1581,utile,320
1582,rispondere,319
1583,resti,319
1584,phoebe,319
1585,ognuno,319
1586,giudice,319
1587,scegliere,318
1588,mangiato,318
1589,darò,318
1590,tommy,317
1591,fucile,317
1592,buoni,317
1593,bianca,317
1594,malato,316
1595,aiutarmi,316
1596,victor,315
1597,relazione,315
1598,leggi,315
1599,averla,315
1600,uso,314
1601,pensiero,314
1602,messa,314
1603,documenti,314
1604,chiede,314
1605,bottiglia,314
1606,zia,313
1607,riunione,313
1608,orribile,313
1609,nomi,313
1610,muro,313
1611,miglior,313
1612,condizioni,313
1613,ridicolo,312
1614,qualcun,312
1615,pensate,312
1616,vittima,311
1617,tenga,311
1618,santa,311
1619,presenza,311
1620,o',311
1621,eppure,311
1622,animale,311
1623,aiutarla,311
1624,nera,310
1625,dl,310
1626,diventa,310
1627,corsa,310
1628,capace,310
1629,flotta,309
1630,accaduto,309
1631,sposata,308
1632,sentimenti,308
1633,sensazione,308
1634,corri,308
1635,congratulazioni,308
1636,abbiano,308
1637,vicini,307
1638,sedia,306
1639,ferito,306
1640,distrutto,306
1641,club,306
1642,rischio,305
1643,pietà,305
1644,periodo,305
1645,coltello,305
1646,unità,304
1647,tornata,304
1648,smettere,304
1649,sguardo,304
1650,cal,304
1651,ubriaco,303
1652,domenica,303
1653,dappertutto,303
1654,attore,303
1655,arrivano,303
1656,anello,303
1657,allarme,303
1658,povera,302
1659,guardami,302
1660,cavolo,302
1661,vincenzo,301
1662,umana,301
1663,test,301
1664,insegnato,301
1665,enorme,301
1666,eccola,301
1667,dimenticare,301
1668,decidere,301
1669,gia',300
1670,dannazione,300
1671,succederà,299
1672,sara',299
1673,potessi,299
1674,gatto,299
1675,accettare,299
1676,sistemi,298
1677,sindaco,298
1678,tranne,297
1679,tira,297
1680,sbrigati,297
1681,saprei,297
1682,provo,297
1683,perfetta,297
1684,manda,297
1685,fila,297
1686,aiutarti,297
1687,conta,296
1688,andy,296
1689,giustizia,295
1690,droga,295
1691,serie,294
1692,perche,294
1693,odore,294
1694,cliente,294
1695,averti,294
1696,verde,293
1697,tranquilla,293
1698,potrai,293
1699,parlarne,293
1700,metta,293
1701,lassù,293
1702,indirizzo,293
1703,guardando,293
1704,finisce,293
1705,faccenda,293
1706,crederci,293
1707,cerchiamo,293
1708,attenta,293
1709,scendere,292
1710,rispondi,292
1711,pazienza,292
1712,pacey,292
1713,iei,292
1714,giornali,292
1715,denti,292
1716,carte,292
1717,ascoltare,292
1718,you,291
1719,volare,291
1720,militare,291
1721,maledetto,291
1722,frega,291
1723,chiamate,291
1724,campagna,291
1725,zitta,290
1726,vorresti,290
1727,vincent,290
1728,v,290
1729,scorsa,290
1730,piede,290
1731,chiudere,290
1732,vittoria,289
1733,stelle,289
1734,lana,289
1735,importanza,289
1736,entri,289
1737,ég,289
1738,distruggere,289
1739,deiia,289
1740,curvatura,289
1741,sveglia,288
1742,palazzo,288
1743,debole,288
1744,conoscenza,288
1745,diversi,287
1746,aspettavo,286
1747,voci,285
1748,albero,285
1749,wow,284
1750,presento,284
1751,intende,284
1752,finale,284
1753,camminare,284
1754,piange,283
1755,pane,283
1756,opportunità,283
1757,estate,283
1758,dr,283
1759,arrabbiato,283
1760,aperta,283
1761,tiro,282
1762,stella,282
1763,roma,282
1764,andava,282
1765,aiutato,282
1766,notato,281
1767,improvviso,280
1768,don,280
1769,corte,280
1770,convinto,280
1771,università,279
1772,responsabile,279
1773,mattino,279
1774,finta,279
1775,colpi,279
1776,chiavi,279
1777,saremmo,278
1778,ra,278
1779,qualcos',278
1780,pioggia,278
1781,girare,278
1782,entrato,278
1783,desidera,278
1784,bomba,278
1785,atto,278
1786,ricordare,277
1787,pur,277
1788,piaceva,277
1789,lavorando,277
1790,creare,277
1791,cattiva,277
1792,spiegare,276
1793,sii,276
1794,intendi,276
1795,francesca,276
1796,carter,276
1797,colore,275
1798,bevi,275
1799,talento,274
1800,punti,274
1801,farcela,274
1802,segreti,273
1803,peso,273
1804,perdono,273
1805,football,273
1806,evitare,273
1807,tornate,272
1808,sali,272
1809,sabato,272
1810,naturale,272
1811,helen,272
1812,famoso,272
1813,creato,272
1814,cento,272
1815,cadere,272
1816,lasciatemi,271
1817,forze,271
1818,ammazzo,271
1819,stile,270
1820,prendiamo,270
1821,lotta,270
1822,basso,270
1823,nu,269
1824,dicevo,269
1825,credimi,269
1826,continui,269
1827,claude,269
1828,case,269
1829,breve,269
1830,sonno,268
1831,ottenere,268
1832,dita,268
1833,angolo,268
1834,trucco,267
1835,raggio,267
1836,locale,267
1837,chiusa,267
1838,bicchiere,267
1839,sbaglio,266
1840,opinione,266
1841,nient',266
1842,neri,266
1843,mezza,266
1844,los,266
1845,immagine,266
1846,date,266
1847,bianchi,266
1848,secolo,265
1849,mrs,265
1850,canta,265
1851,milione,264
1852,lee,264
1853,interno,264
1854,est,264
1855,distanza,264
1856,coppia,264
1857,antichi,264
1858,volevano,263
1859,torta,263
1860,tengo,263
1861,mantenere,263
1862,janeway,263
1863,discutere,263
1864,discorso,263
1865,calmo,263
1866,schiena,262
1867,piani,262
1868,lord,262
1869,immagini,262
1870,ferita,262
1871,aiia,262
1872,salire,261
1873,rimane,261
1874,ragazzino,261
1875,primi,261
1876,vite,260
1877,progetto,260
1878,piper,260
1879,inizia,260
1880,furono,260
1881,tedeschi,259
1882,perfettamente,259
1883,giacca,259
1884,esce,259
1885,vuoto,258
1886,contratto,258
1887,preoccupato,257
1888,mentito,257
1889,clienti,257
1890,americani,257
1891,siate,256
1892,nemici,256
1893,muore,256
1894,amare,256
1895,responsabilità,255
1896,portate,255
1897,magnifico,255
1898,fastidio,255
1899,diverse,255
1900,direzione,255
1901,cantare,255
1902,cadavere,255
1903,scorso,254
1904,operazione,254
1905,offerta,254
1906,vedremo,253
1907,tecnologia,253
1908,porte,253
1909,parlarle,253
1910,mossa,253
1911,momenti,253
1912,finchè,253
1913,cambia,253
1914,bevuto,253
1915,amicizia,253
1916,abito,253
1917,van,252
1918,suonare,252
1919,peggiore,252
1920,incontrare,252
1921,incinta,252
1922,disturbo,252
1923,tracce,251
1924,strade,251
1925,soluzione,251
1926,pressione,251
1927,pensarci,251
1928,neppure,251
1929,lasciamo,251
1930,jones,251
1931,champagne,251
1932,stanca,250
1933,rossa,250
1934,migliaia,250
1935,facevo,250
1936,diamo,250
1937,angelo,250
1938,andarci,250
1939,vissuto,249
1940,tornerà,249
1941,scudi,249
1942,potevi,249
1943,motore,249
1944,maestà,249
1945,genio,249
1946,europa,249
1947,daniel,249
1948,creatura,249
1949,babbo,249
1950,angeles,249
1951,troviamo,248
1952,steve,248
1953,rilassati,248
1954,qu,248
1955,potente,248
1956,particolare,248
1957,buco,248
1958,um,247
1959,toccare,247
1960,preferito,247
1961,personaggio,247
1962,neeli,247
1963,chakotay,247
1964,centrale,247
1965,sarete,246
1966,roger,246
1967,perfino,246
1968,paradiso,246
1969,orecchie,246
1970,edith,246
1971,stagione,245
1972,ospiti,245
1973,minaccia,245
1974,azioni,245
1975,turno,244
1976,stavolta,244
1977,sparo,244
1978,interesse,244
1979,immaginare,244
1980,compito,244
1981,carico,244
1982,camion,244
1983,vergogna,243
1984,speriamo,243
1985,portami,243
1986,pensieri,243
1987,nt,243
1988,guidare,243
1989,fermare,243
1990,chicago,243
1991,tornerò,242
1992,nervoso,242
1993,mandare,242
1994,conosciamo,242
1995,compagni,242
1996,caduto,242
1997,andarsene,242
1998,seguire,241
1999,scusatemi,241
2000,richiesta,241
2001,principale,241
2002,ossa,241
2003,arresto,241
2004,alba,241
2005,politica,240
2006,lasciarmi,240
2007,castello,240
2008,andarmene,240
2009,troveremo,239
2010,tedesco,239
2011,prete,239
2012,miranda,239
2013,malattia,239
2014,kate,239
2015,fabbrica,239
2016,avranno,239
2017,valore,238
2018,tribunale,238
2019,scappato,238
2020,plancia,238
2021,mettiti,238
2022,inoltre,238
2023,danni,238
2024,conti,238
2025,sciocchezze,237
2026,pensano,237
2027,miracolo,237
2028,larry,237
2029,grida,237
2030,washington,236
2031,trappola,236
2032,potremo,236
2033,lieto,236
2034,laboratorio,236
2035,avermi,236
2036,aó,236
2037,amante,236
2038,vendere,235
2039,porca,235
2040,intanto,235
2041,entrata,235
2042,dritto,235
2043,velocità,234
2044,uccidermi,234
2045,luci,234
2046,fattoria,234
2047,detective,234
2048,continuo,234
2049,tomba,233
2050,siegfried,233
2051,scuse,233
2052,ruolo,233
2053,propria,233
2054,passione,233
2055,ordinato,233
2056,mosca,233
2057,martin,233
2058,kes,233
2059,grossa,233
2060,sensori,232
2061,premio,232
2062,dormi,232
2063,dallo,232
2064,aspettiamo,232
2065,tiene,231
2066,stampa,231
2067,sembrare,231
2068,ospite,231
2069,maggior,231
2070,ladro,231
2071,grazia,231
2072,esistenza,231
2073,bei,231
2074,attesa,231
2075,aiuta,231
2076,volontà,230
2077,tipi,230
2078,succedere,230
2079,rimani,230
2080,proteggere,230
2081,potrò,230
2082,pilota,230
2083,paziente,230
2084,parlano,230
2085,funzionato,230
2086,camicia,230
2087,assistente,230
2088,po,229
2089,innamorata,229
2090,francia,229
2091,eccoci,229
2092,diario,229
2093,cugino,229
2094,creda,229
2095,certi,229
2096,sorelle,228
2097,smesso,228
2098,pesante,228
2099,morendo,228
2100,gola,228
2101,gira,228
2102,giardino,228
2103,titolo,227
2104,starà,227
2105,speravo,227
2106,sarah,227
2107,chiederti,227
2108,ascolto,227
2109,violenza,226
2110,peppino,226
2111,passati,226
2112,occupato,226
2113,mettiamo,226
2114,fumo,226
2115,felicità,226
2116,altezza,226
2117,vicina,225
2118,traccia,225
2119,tempio,225
2120,mostri,225
2121,governatore,225
2122,farnon,225
2123,dito,225
2124,dirgli,225
2125,willie,224
2126,vedermi,224
2127,sentivo,224
2128,nipote,224
2129,muovere,224
2130,lascerò,224
2131,inghilterra,224
2132,giuria,224
2133,creduto,224
2134,avrete,224
2135,ascoltate,224
2136,venne,223
2137,fianco,223
2138,dirà,223
2139,controlla,223
2140,chiamami,223
2141,bell',223
2142,banda,223
2143,tenuto,222
2144,sir,222
2145,russo,222
2146,qual',222
2147,ombra,222
2148,of,222
2149,morale,222
2150,monsieur,222
2151,coscienza,222
2152,sigaretta,221
2153,orologio,221
2154,meravigliosa,221
2155,importanti,221
2156,giovanotto,221
2157,completo,221
2158,benvenuti,221
2159,termine,220
2160,quarto,220
2161,í,220
2162,credete,220
2163,articolo,220
2164,arrivi,220
2165,andiamocene,220
2166,temporale,219
2167,spara,219
2168,sbagliata,219
2169,prenderti,219
2170,poche,219
2171,piccole,219
2172,medicina,219
2173,finora,219
2174,elena,219
2175,bill,219
2176,andrai,219
2177,affrontare,219
2178,trovarmi,218
2179,segni,218
2180,quand',218
2181,q,218
2182,liberi,218
2183,ghiaccio,218
2184,forti,218
2185,fargli,218
2186,capacità,218
2187,biglietti,218
2188,paris,217
2189,mercato,217
2190,drink,217
2191,dissi,217
2192,dì,217
2193,dannato,217
2194,chilometri,217
2195,whisky,216
2196,spiaggia,216
2197,sorriso,216
2198,obiettivo,216
2199,nota,216
2200,miglia,216
2201,mezzanotte,216
2202,impressione,216
2203,dargli,216
2204,chiamava,216
2205,ann,216
2206,analisi,216
2207,torre,215
2208,telefonata,215
2209,sullo,215
2210,strega,215
2211,sieda,215
2212,show,215
2213,sara,215
2214,respiro,215
2215,prendermi,215
2216,volto,214
2217,stomaco,214
2218,sottotitoli,214
2219,sentita,214
2220,rimasta,214
2221,novità,214
2222,galera,214
2223,fonte,214
2224,fantasma,214
2225,darle,214
2226,crimine,214
2227,casino,214
2228,capita,214
2229,affascinante,214
2230,televisione,213
2231,sposati,213
2232,piaci,213
2233,hank,213
2234,comodo,213
2235,assurdo,213
2236,amen,213
2237,agenti,213
2238,socio,212
2239,giochi,212
2240,flint,212
2241,dorme,212
2242,dick,212
2243,andartene,212
2244,testimone,211
2245,scherzi,211
2246,reso,211
2247,profondo,211
2248,piantala,211
2249,nonostante,211
2250,marie,211
2251,diventando,211
2252,corrente,211
2253,uova,210
2254,terza,210
2255,spese,210
2256,salvo,210
2257,passata,210
2258,dormito,210
2259,chiedendo,210
2260,universo,209
2261,teoria,209
2262,susan,209
2263,patria,209
2264,muovetevi,209
2265,motori,209
2266,mappa,209
2267,casi,209
2268,alcuna,209
2269,risposto,208
2270,pulito,208
2271,navetta,208
2272,dover,208
2273,diversa,208
2274,scemo,207
2275,rovinato,207
2276,preparato,207
2277,lascialo,207
2278,guardie,207
2279,dono,207
2280,dirglielo,207
2281,credono,207
2282,ca,207
2283,svegliati,206
2284,raggiungere,206
2285,polvere,206
2286,perdita,206
2287,mezz',206
2288,mancato,206
2289,chiamarmi,206
2290,accusa,206
2291,tasca,205
2292,taglio,205
2293,sposare,205
2294,smith,205
2295,smetti,205
2296,sey,205
2297,porterò,205
2298,neve,205
2299,marina,205
2300,istante,205
2301,guardo,205
2302,fermato,205
2303,entrate,205
2304,eccomi,205
2305,doppio,205
2306,desideri,205
2307,Chloe,205
2308,uld,204
2309,tuttavia,204
2310,trovarlo,204
2311,troppi,204
2312,superiore,204
2313,sentiamo,204
2314,salta,204
2315,pausa,204
2316,merito,204
2317,Jackson,204
2318,debba,204
2319,caduta,204
2320,aspettano,204
2321,aprite,204
2322,abiti,204
2323,uccisi,203
2324,faresti,203
2325,direbbe,203
2326,Charles,203
2327,auguri,203
2328,tetto,202
2329,sveglio,202
2330,seduta,202
2331,robinson,202
2332,potenza,202
2333,posta,202
2334,giá,202
2335,funerale,202
2336,conoscerla,202
2337,betty,202
2338,vedono,201
2339,sugli,201
2340,puó,201
2341,profumo,201
2342,preparare,201
2343,pensava,201
2344,numeri,201
2345,guardato,201
2346,goa',201
2347,elizabeth,201
2348,dave,201
2349,calda,201
2350,bobby,201
2351,attività,201
2352,truppe,200
2353,simili,200
2354,said,200
2355,rischi,200
2356,riposo,200
2357,moito,200
2358,gia,200
2359,esame,200
2360,edificio,200
2361,delitto,200
2362,darsi,200
2363,contare,200
2364,autorità,200
2365,aeroporto,200
2366,veri,199
2367,uccello,199
2368,traduzione,199
2369,rubare,199
2370,riuscita,199
2371,magia,199
2372,germania,199
2373,funzionare,199
2374,fottuto,199
2375,becco,199
2376,ammazzare,199
2377,accesso,199
2378,venerdì,198
2379,vendetta,198
2380,ultimamente,198
2381,simpatico,198
2382,risultato,198
2383,pista,198
2384,omicidi,198
2385,costruire,198
2386,zero,197
2387,terry,197
2388,scendi,197
2389,riuscire,197
2390,piatto,197
2391,impazzito,197
2392,eravate,197
2393,dettagli,197
2394,by,197
2395,alberi,197
2396,uccisa,196
2397,tazza,196
2398,sciocco,196
2399,qualità,196
2400,puo,196
2401,pazzi,196
2402,passeggiata,196
2403,pantaloni,196
2404,galassia,196
2405,carro,196
2406,accettato,196
2407,venendo,195
2408,tentato,195
2409,tavola,195
2410,sporco,195
2411,presi,195
2412,pete,195
2413,ministro,195
2414,maiale,195
2415,ferro,195
2416,dottoressa,195
2417,dirtelo,195
2418,dimmelo,195
2419,dillo,195
2420,cassetta,195
2421,assicuro,195
2422,assicurazione,195
2423,aron,195
2424,william,194
2425,venduto,194
2426,piaccia,194
2427,ginocchio,194
2428,fuga,194
2429,esseri,194
2430,commesso,194
2431,campione,194
2432,baby,194
2433,olmo,193
2434,iui,193
2435,gliela,193
2436,dovevamo,193
2437,conoscete,193
2438,arrestato,193
2439,appartiene,193
2440,abbiate,193
2441,vorrai,192
2442,vince,192
2443,vacanza,192
2444,splendida,192
2445,specialmente,192
2446,preferirei,192
2447,piacerà,192
2448,parco,192
2449,mestiere,192
2450,mancano,192
2451,falso,192
2452,alfredo,192
2453,aiiora,192
2454,tolto,191
2455,splendido,191
2456,ritornare,191
2457,maggie,191
2458,gay,191
2459,bestia,191
2460,attrice,191
2461,studiare,190
2462,street,190
2463,spagnolo,190
2464,sopravvivere,190
2465,sammy,190
2466,risolvere,190
2467,presenti,190
2468,prese,190
2469,portano,190
2470,pollo,190
2471,perdendo,190
2472,pagina,190
2473,muoversi,190
2474,movimento,190
2475,membri,190
2476,lacrime,190
2477,farvi,190
2478,croce,190
2479,trovarti,189
2480,notti,189
2481,montagna,189
2482,ford,189
2483,folla,189
2484,eccoti,189
2485,diritti,189
2486,diretto,189
2487,bravi,189
2488,spari,188
2489,sonny,188
2490,risponde,188
2491,ragazzina,188
2492,prendendo,188
2493,poveri,188
2494,na,188
2495,jerry,188
2496,gioca,188
2497,fredda,188
2498,farne,188
2499,esserlo,188
2500,dovesse,188
2501,conversazione,188
2502,autobus,188
2503,whale,187
2504,sale,187
2505,queiio,187
2506,miles,187
2507,invito,187
2508,hitler,187
2509,gusto,187
2510,wraith,186
2511,venti,186
2512,ultime,186
2513,teal',186
2514,soffrire,186
2515,scale,186
2516,retta,186
2517,reazione,186
2518,puzza,186
2519,promessa,186
2520,prenderlo,186
2521,pratica,186
2522,negro,186
2523,foresta,186
2524,epoca,186
2525,dar,186
2526,cercavo,186
2527,volessi,185
2528,verranno,185
2529,veniva,185
2530,totale,185
2531,spiacente,185
2532,rose,185
2533,quartiere,185
2534,privato,185
2535,pietre,185
2536,occhiali,185
2537,mister,185
2538,ingresso,185
2539,gliene,185
2540,franchi,185
2541,bugie,185
2542,arriverà,185
2543,toccato,184
2544,sessuale,184
2545,riposare,184
2546,respirare,184
2547,rapina,184
2548,kevin,184
2549,infermeria,184
2550,hall,184
2551,aspettato,184
2552,specchio,183
2553,respira,183
2554,fantastica,183
2555,esco,183
2556,to,182
2557,senatore,182
2558,scusarmi,182
2559,sbagli,182
2560,mostra,182
2561,malata,182
2562,lancio,182
2563,fiero,182
2564,fbi,182
2565,diventata,182
2566,crudele,182
2567,corridoio,182
2568,carl,182
2569,volevamo,181
2570,trovarla,181
2571,silvana,181
2572,sentirmi,181
2573,schermo,181
2574,lontana,181
2575,invitato,181
2576,indiani,181
2577,gina,181
2578,cresciuto,181
2579,complimenti,181
2580,quanta,180
2581,poliziotti,180
2582,furbo,180
2583,direttamente,180
2584,dando,180
2585,williams,179
2586,valigia,179
2587,teletrasporto,179
2588,rabbia,179
2589,professor,179
2590,pianto,179
2591,moto,179
2592,fotografia,179
2593,fido,179
2594,bosco,179
2595,uguali,178
2596,taglia,178
2597,sally,178
2598,ricordate,178
2599,poesia,178
2600,Oscar,178
2601,Martha,178
2602,Jonathan,178
2603,Jason,178
2604,Jaffa,178
2605,infermiera,178
2606,fuggire,178
2607,fatte,178
2608,campi,178
2609,weekend,177
2610,uguale,177
2611,solamente,177
2612,rendere,177
2613,patto,177
2614,pari,177
2615,hill,177
2616,giornalista,177
2617,Edward,177
2618,darà,177
2619,commissione,177
2620,Catherine,177
2621,belli,177
2622,bastardi,177
2623,volentieri,176
2624,versione,176
2625,tratti,176
2626,trattato,176
2627,testimoni,176
2628,rapporti,176
2629,pugno,176
2630,portarlo,176
2631,piacevole,176
2632,perde,176
2633,micheie,176
2634,controllato,176
2635,chiederle,176
2636,centinaia,176
2637,cari,176
2638,ammazzato,176
2639,verrò,175
2640,troverai,175
2641,scrive,175
2642,proprietà,175
2643,perdonami,175
2644,partenza,175
2645,Marco,175
2646,Louis,175
2647,informazione,175
2648,giapponese,175
2649,ebreo,175
2650,dirmelo,175
2651,crescere,175
2652,cammina,175
2653,vantaggio,174
2654,troppe,174
2655,Tristan,174
2656,riusciti,174
2657,reparto,174
2658,praticamente,174
2659,km,174
2660,g,174
2661,americana,174
2662,ali,174
2663,tentativo,173
2664,sedere,173
2665,racconto,173
2666,prigionieri,173
2667,personalmente,173
2668,parlava,173
2669,parlarmi,173
2670,ovvio,173
2671,oggetto,173
2672,minimo,173
2673,impulso,173
2674,grandioso,173
2675,feste,173
2676,canto,173
2677,California,173
2678,bugiardo,173
2679,buffo,173
2680,alza,173
2681,accomodi,173
2682,trovano,172
2683,sufficiente,172
2684,stupendo,172
2685,seria,172
2686,secoli,172
2687,regista,172
2688,raccontato,172
2689,panico,172
2690,mucchio,172
2691,maledetta,172
2692,Lewis,172
2693,lasciarti,172
2694,imperatore,172
2695,cieco,172
2696,chiedevo,172
2697,care,172
2698,area,172
2699,Antonio,172
2700,andarcene,172
2701,aiutarci,172
2702,aerei,172
2703,abbandonato,172
2704,volesse,171
2705,preoccupa,171
2706,modi,171
2707,inverno,171
2708,guardati,171
2709,firmare,171
2710,dirvi,171
2711,cellulare,171
2712,Boris,171
2713,uscite,170
2714,tradito,170
2715,tirato,170
2716,sorpreso,170
2717,ricerche,170
2718,ricchi,170
2719,pubblicità,170
2720,prenderò,170
2721,permette,170
2722,Parker,170
2723,offerto,170
2724,moda,170
2725,mistero,170
2726,labbra,170
2727,fatemi,170
2728,eccellente,170
2729,chiaramente,170
2730,carica,170
2731,Brian,170
2732,barone,170
2733,avessero,170
2734,trovate,169
2735,tirare,169
2736,suicidio,169
2737,sigra,169
2738,ricordati,169
2739,proposta,169
2740,perduto,169
2741,maschio,169
2742,lasciata,169
2743,fumare,169
2744,fossimo,169
2745,chili,169
2746,calmi,169
2747,assieme,169
2748,west,168
2749,usando,168
2750,telefonato,168
2751,sopporto,168
2752,sognato,168
2753,samurai,168
2754,ridono,168
2755,resistere,168
2756,primavera,168
2757,pensaci,168
2758,morirà,168
2759,lunedì,168
2760,frattempo,168
2761,fiore,168
2762,conoscevo,168
2763,cammino,168
2764,ammiraglio,168
2765,stammi,167
2766,set,167
2767,scatola,167
2768,prigioniero,167
2769,miseria,167
2770,membro,167
2771,kim,167
2772,jedi,167
2773,insegnante,167
2774,folle,167
2775,fidati,167
2776,desidero,167
2777,colori,167
2778,cinese,167
2779,battuta,167
2780,assassini,167
2781,ascensore,167
2782,agnese,167
2783,volere,166
2784,vittime,166
2785,tratto,166
2786,spettri,166
2787,rimasti,166
2788,porterà,166
2789,poiché,166
2790,lisa,166
2791,voler,165
2792,troverò,165
2793,temere,165
2794,spia,165
2795,servizi,165
2796,sapessi,165
2797,rendi,165
2798,ragioni,165
2799,pensiamo,165
2800,merita,165
2801,gianni,165
2802,filo,165
2803,costretto,165
2804,cor,165
2805,coloro,165
2806,cercano,165
2807,borg,165
2808,attori,165
2809,aleander,165
2810,Albert,165
2811,starai,164
2812,sospetto,164
2813,soccorso,164
2814,Russia,164
2815,riso,164
2816,nata,164
2817,messico,164
2818,impronte,164
2819,dirai,164
2820,datemi,164
2821,bersaglio,164
2822,avessimo,164
2823,agire,164
2824,tornando,163
2825,studiato,163
2826,sterline,163
2827,sposo,163
2828,servirà,163
2829,seriamente,163
2830,robot,163
2831,rivista,163
2832,ripeto,163
2833,punta,163
2834,previsto,163
2835,ovest,163
2836,legale,163
2837,difficoltà,163
2838,crisi,163
2839,Carlos,163
2840,arrabbiata,163
2841,video,162
2842,vedrà,162
2843,ufficiali,162
2844,ted,162
2845,seduti,162
2846,rossella,162
2847,romantico,162
2848,possano,162
2849,onesto,162
2850,lentamente,162
2851,interessi,162
2852,inglesi,162
2853,incarico,162
2854,finirà,162
2855,fallito,162
2856,divertimento,162
2857,disastro,162
2858,attorno,162
2859,anticipo,162
2860,sará,161
2861,petto,161
2862,mettermi,161
2863,Mark,161
2864,mancanza,161
2865,Julie,161
2866,italiano,161
2867,facevano,161
2868,cercate,161
2869,usciamo,160
2870,tunnel,160
2871,teste,160
2872,superficie,160
2873,saprà,160
2874,gas,160
2875,esplosione,160
2876,entrambe,160
2877,debito,160
2878,corpi,160
2879,conseguenze,160
2880,brown,160
2881,bernard,160
2882,attraente,160
2883,veleno,159
2884,uccide,159
2885,spiriti,159
2886,scrittore,159
2887,riusciamo,159
2888,regno,159
2889,raggiunto,159
2890,racconti,159
2891,portatelo,159
2892,nazione,159
2893,my,159
2894,meraviglia,159
2895,guardiamarina,159
2896,ehm,159
2897,eccezionale,159
2898,cowboy,159
2899,carcere,159
2900,arriviamo,159
2901,appunto,159
2902,amava,159
2903,togliti,158
2904,thomas,158
2905,roy,158
2906,pesci,158
2907,media,158
2908,king,158
2909,giudizio,158
2910,francisco,158
2911,fidanzata,158
2912,dubito,158
2913,conviene,158
2914,chance,158
2915,amiche,158
2916,rovina,157
2917,ritorna,157
2918,regola,157
2919,quant',157
2920,prendono,157
2921,pensione,157
2922,intendevo,157
2923,fidanzato,157
2924,dovreste,157
2925,danza,157
2926,coincidenza,157
2927,canzoni,157
2928,berlino,157
2929,barbara,157
2930,troverà,156
2931,tagliato,156
2932,spiegazione,156
2933,sbirro,156
2934,risultati,156
2935,rischiare,156
2936,resistenza,156
2937,procuratore,156
2938,portarla,156
2939,montagne,156
2940,miele,156
2941,grossi,156
2942,farete,156
2943,dodici,156
2944,diventi,156
2945,discorsi,156
2946,concerto,156
2947,charlotte,156
2948,brillante,156
2949,bevo,156
2950,bambine,156
2951,sparisci,155
2952,raccontare,155
2953,parto,155
2954,luke,155
2955,kennedy,155
2956,incubo,155
2957,fred,155
2958,firma,155
2959,erba,155
2960,dollaro,155
2961,costruito,155
2962,coperta,155
2963,cella,155
2964,canale,155
2965,argomento,155
2966,abita,155
2967,vogiio,154
2968,virus,154
2969,troppa,154
2970,tentare,154
2971,sistemare,154
2972,significato,154
2973,settore,154
2974,rock,154
2975,retro,154
2976,provando,154
2977,pistole,154
2978,orso,154
2979,maniera,154
2980,fase,154
2981,famiglie,154
2982,emozioni,154
2983,diretta,154
2984,circostanze,154
2985,big,154
2986,bastone,154
2987,artista,154
2988,affetto,154
2989,stavano,153
2990,sparate,153
2991,rivederti,153
2992,ray,153
2993,pregare,153
2994,pago,153
2995,maresciallo,153
2996,lottare,153
2997,junior,153
2998,credito,153
2999,zach,152
3000,vidi,152
3001,vergine,152
3002,tempesta,152
3003,stellare,152
3004,servi,152
3005,passate,152
3006,leo,152
3007,ladri,152
3008,hollywood,152
3009,facilmente,152
3010,facevi,152
3011,episodio,152
3012,deserto,152
3013,cima,152
3014,band,152
3015,abbi,152
3016,urgente,151
3017,tornati,151
3018,spaventato,151
3019,ridendo,151
3020,plasma,151
3021,paride,151
3022,offro,151
3023,negativo,151
3024,kikuchiyo,151
3025,gradi,151
3026,essa,151
3027,disposto,151
3028,corda,151
3029,beve,151
3030,torto,150
3031,topo,150
3032,straordinario,150
3033,sparito,150
3034,sicuri,150
3035,senz',150
3036,rivoluzione,150
3037,persi,150
3038,papa,150
3039,odia,150
3040,modello,150
3041,marcia,150
3042,levati,150
3043,follia,150
3044,fedele,150
3045,darci,150
3046,controlli,150
3047,cassa,150
3048,affitto,150
3049,sete,149
3050,parlate,149
3051,lavorava,149
3052,geloso,149
3053,collega,149
3054,vecchie,148
3055,usi,148
3056,terreno,148
3057,stronzi,148
3058,restate,148
3059,preoccupata,148
3060,porco,148
3061,orecchio,148
3062,incantesimo,148
3063,frase,148
3064,fegato,148
3065,fantasmi,148
3066,facessi,148
3067,esperto,148
3068,dolci,148
3069,dichiarazione,148
3070,dicevi,148
3071,criminale,148
3072,ambiente,148
3073,accetto,148
3074,ucciderlo,147
3075,tette,147
3076,sezione,147
3077,russi,147
3078,risposte,147
3079,riprendere,147
3080,protezione,147
3081,onda,147
3082,norbit,147
3083,nazionale,147
3084,miami,147
3085,messi,147
3086,lasciarlo,147
3087,lago,147
3088,indovinare,147
3089,impazzire,147
3090,dovessi,147
3091,condannato,147
3092,colui,147
3093,barba,147
3094,attaccato,147
3095,ambulanza,147
3096,tenerlo,146
3097,superato,146
3098,stupidi,146
3099,sopportare,146
3100,scene,146
3101,rompere,146
3102,racconta,146
3103,proviamo,146
3104,mickey,146
3105,huh,146
3106,giri,146
3107,dirci,146
3108,corto,146
3109,civile,146
3110,chiamiamo,146
3111,chaney,146
3112,apposta,146
3113,andrebbe,146
3114,vacca,145
3115,togliere,145
3116,studi,145
3117,sí,145
3118,servire,145
3119,risate,145
3120,pura,145
3121,piazza,145
3122,originale,145
3123,muove,145
3124,mettete,145
3125,leader,145
3126,infelice,145
3127,grato,145
3128,giovanni,145
3129,esistono,145
3130,doccia,145
3131,destro,145
3132,apre,145
3133,all,145
3134,accompagno,145
3135,vorremmo,144
3136,veloci,144
3137,trattare,144
3138,traffico,144
3139,studenti,144
3140,stop,144
3141,sposarmi,144
3142,penna,144
3143,muriel,144
3144,mentendo,144
3145,lasciati,144
3146,jules,144
3147,divorzio,144
3148,dimentichi,144
3149,copione,144
3150,copia,144
3151,confuso,144
3152,combattimento,144
3153,cercherò,144
3154,aitro,144
3155,agenzia,144
3156,svegliato,143
3157,sigarette,143
3158,scherzare,143
3159,romanzo,143
3160,ori,143
3161,nobile,143
3162,muoverti,143
3163,maschera,143
3164,margherita,143
3165,lois,143
3166,interessato,143
3167,gratis,143
3168,dna,143
3169,dispositivo,143
3170,coraggioso,143
3171,citta',143
3172,cameriere,143
3173,cambiata,143
3174,atmosfera,143
3175,veda,142
3176,trovati,142
3177,stufo,142
3178,stronza,142
3179,starò,142
3180,sensi,142
3181,sacro,142
3182,prenderla,142
3183,portando,142
3184,passerà,142
3185,oswald,142
3186,nastro,142
3187,mentire,142
3188,inventato,142
3189,ideale,142
3190,grasso,142
3191,fortunata,142
3192,esterno,142
3193,difendere,142
3194,conoscerti,142
3195,cattivi,142
3196,travis,141
3197,trasmissione,141
3198,teyla,141
3199,tappeto,141
3200,svelto,141
3201,sorte,141
3202,scappa,141
3203,riuscivo,141
3204,raccomando,141
3205,puro,141
3206,propri,141
3207,portarmi,141
3208,orgoglio,141
3209,og,141
3210,offesa,141
3211,mondiale,141
3212,moltissimo,141
3213,mangio,141
3214,gridare,141
3215,furgone,141
3216,funzionerà,141
3217,coordinate,141
3218,black,141
3219,zucchero,140
3220,servo,140
3221,schiavi,140
3222,rilevo,140
3223,privata,140
3224,partite,140
3225,parlerò,140
3226,offre,140
3227,impegno,140
3228,girato,140
3229,eccoli,140
3230,difficili,140
3231,claire,140
3232,chiacchiere,140
3233,cercava,140
3234,carattere,140
3235,bloccato,140
3236,aperti,140
3237,x,139
3238,urlare,139
3239,potreste,139
3240,persa,139
3241,organizzato,139
3242,occupo,139
3243,mostrare,139
3244,manchi,139
3245,licenziato,139
3246,leonard,139
3247,largo,139
3248,kazon,139
3249,eccellenza,139
3250,conoscono,139
3251,chiedermi,139
3252,assegno,139
3253,andar,139
3254,vuoie,138
3255,velocemente,138
3256,vedrò,138
3257,vedevo,138
3258,tenete,138
3259,sincero,138
3260,scudo,138
3261,rifugio,138
3262,potter,138
3263,portiamo,138
3264,pillole,138
3265,permettere,138
3266,ottenuto,138
3267,operai,138
3268,neanch',138
3269,metterti,138
3270,lasciala,138
3271,lady,138
3272,ioro,138
3273,figura,138
3274,fiera,138
3275,familiare,138
3276,este,138
3277,errori,138
3278,dimentica,138
3279,dille,138
3280,coso,138
3281,corona,138
3282,cominciamo,138
3283,cade,138
3284,averne,138
3285,autista,138
3286,universal,137
3287,tema,137
3288,stà,137
3289,scrivania,137
3290,preferisce,137
3291,mando,137
3292,legno,137
3293,dosso,137
3294,cu,137
3295,condizione,137
3296,comportamento,137
3297,chieda,137
3298,arthur,137
3299,adatto,137
3300,vicenda,136
3301,umanità,136
3302,teddy,136
3303,superiori,136
3304,succeda,136
3305,struttura,136
3306,streghe,136
3307,sbirri,136
3308,salutare,136
3309,richiamo,136
3310,recente,136
3311,pasquale,136
3312,nascondere,136
3313,limite,136
3314,italia,136
3315,fresco,136
3316,diglielo,136
3317,comincio,136
3318,city,136
3319,cavaliere,136
3320,brutte,136
3321,balla,136
3322,attaccare,136
3323,armato,136
3324,armata,136
3325,à,136
3326,zitti,135
3327,visione,135
3328,veniamo,135
3329,torres,135
3330,strane,135
3331,sg,135
3332,saluto,135
3333,rinunciare,135
3334,prendilo,135
3335,piatti,135
3336,passiamo,135
3337,neill,135
3338,mo,135
3339,metterci,135
3340,logica,135
3341,legato,135
3342,febbre,135
3343,dovrete,135
3344,divertiti,135
3345,disposizione,135
3346,cimitero,135
3347,chiudo,135
3348,azienda,135
3349,vere,134
3350,vederci,134
3351,ucciderti,134
3352,riprese,134
3353,ricevere,134
3354,prime,134
3355,leggenda,134
3356,gelato,134
3357,farli,134
3358,entriamo,134
3359,decisamente,134
3360,completa,134
3361,bruciato,134
3362,ascoltato,134
3363,apprezzo,134
3364,alma,134
3365,sheppard,133
3366,scomparsa,133
3367,scienza,133
3368,scala,133
3369,precedenti,133
3370,pe,133
3371,pavimento,133
3372,motivi,133
3373,kurt,133
3374,guadagnare,133
3375,giovedì,133
3376,dubbi,133
3377,dimostrare,133
3378,credeva,133
3379,cameriera,133
3380,anime,133
3381,andatevene,133
3382,zuppa,132
3383,venisse,132
3384,tocco,132
3385,spiegato,132
3386,spalla,132
3387,sistemato,132
3388,sinistro,132
3389,sequenza,132
3390,scomparso,132
3391,riconosciuto,132
3392,potevano,132
3393,personalità,132
3394,oscuro,132
3395,murphy,132
3396,massima,132
3397,mangi,132
3398,giocato,132
3399,funzioni,132
3400,femmina,132
3401,cortesia,132
3402,com,132
3403,colpire,132
3404,auguro,132
3405,accento,132
3406,accade,132
3407,unione,131
3408,ucciderà,131
3409,speciali,131
3410,potevamo,131
3411,portarti,131
3412,pierre,131
3413,nozze,131
3414,leone,131
3415,kent,131
3416,istinto,131
3417,h,131
3418,guaio,131
3419,giocatore,131
3420,curioso,131
3421,cravatta,131
3422,continuate,131
3423,cazzate,131
3424,amavo,131
3425,vuota,130
3426,stanze,130
3427,sparire,130
3428,segue,130
3429,produzione,130
3430,oceano,130
3431,occupa,130
3432,nudo,130
3433,messaggi,130
3434,marty,130
3435,lontani,130
3436,la',130
3437,giungla,130
3438,fortunati,130
3439,florida,130
3440,fanculo,130
3441,ebrei,130
3442,disco,130
3443,considerato,130
3444,conosciuta,130
3445,chiese,130
3446,capite,130
3447,be,130
3448,bagagli,130
3449,ada,130
3450,stupenda,129
3451,sposi,129
3452,salto,129
3453,saggio,129
3454,raccolto,129
3455,proprietario,129
3456,preciso,129
3457,pinocchio,129
3458,park,129
3459,neiia,129
3460,negri,129
3461,madonna,129
3462,lauren,129
3463,identità,129
3464,filippo,129
3465,dritta,129
3466,cos,129
3467,confine,129
3468,comunicazione,129
3469,combinato,129
3470,battere,129
3471,vivono,128
3472,versi,128
3473,uscendo,128
3474,servito,128
3475,scrivi,128
3476,sabbia,128
3477,rudy,128
3478,prestito,128
3479,piangendo,128
3480,mortale,128
3481,lunghi,128
3482,intenzioni,128
3483,gesto,128
3484,ebbene,128
3485,diamanti,128
3486,creature,128
3487,carri,128
3488,avvocati,128
3489,accorto,128
3490,abbandonare,128
3491,vetro,127
3492,territorio,127
3493,temperatura,127
3494,studente,127
3495,storto,127
3496,sociale,127
3497,ron,127
3498,risponda,127
3499,restano,127
3500,recitare,127
3501,ragionevole,127
3502,pensavi,127
3503,passando,127
3504,origine,127
3505,matti,127
3506,mandi,127
3507,impresa,127
3508,gentiluomo,127
3509,fiato,127
3510,ei,127
3511,conosciuti,127
3512,cerimonia,127
3513,buttato,127
3514,batte,127
3515,anka,127
3516,andrew,127
3517,aiuterà,127
3518,accadere,127
3519,á,127
3520,tono,126
3521,tal,126
3522,sentirti,126
3523,sebbene,126
3524,scorta,126
3525,samantha,126
3526,quaicosa,126
3527,morì,126
3528,metro,126
3529,jo,126
3530,harold,126
3531,francesi,126
3532,finiti,126
3533,esca,126
3534,cretino,126
3535,conte,126
3536,contanti,126
3537,cominci,126
3538,boy,126
3539,argento,126
3540,ambasciatore,126
3541,uniforme,125
3542,ucciderò,125
3543,tutt',125
3544,successe,125
3545,st,125
3546,scritta,125
3547,sbaglia,125
3548,reverendo,125
3549,quadro,125
3550,personali,125
3551,parenti,125
3552,monaco,125
3553,lucy,125
3554,lance,125
3555,idioti,125
3556,furto,125
3557,figurati,125
3558,carrozza,125
3559,capi,125
3560,benedica,125
3561,avverto,125
3562,antico,125
3563,ancor,125
3564,yeah,124
3565,wilson,124
3566,von,124
3567,viviamo,124
3568,shock,124
3569,saluta,124
3570,probabile,124
3571,prega,124
3572,piaciuta,124
3573,perdoni,124
3574,peggy,124
3575,pecore,124
3576,pagano,124
3577,oggetti,124
3578,nascita,124
3579,mila,124
3580,margaret,124
3581,linda,124
3582,lezioni,124
3583,joseph,124
3584,interessano,124
3585,fui,124
3586,formaggio,124
3587,fantasia,124
3588,facesse,124
3589,ekki,124
3590,deluso,124
3591,coda,124
3592,circo,124
3593,chiusi,124
3594,causato,124
3595,cambiamento,124
3596,benzina,124
3597,battute,124
3598,baci,124
3599,ammettere,124
3600,ahi,124
3601,sembro,123
3602,sacrificio,123
3603,resterà,123
3604,punizione,123
3605,prepara,123
3606,preoccuparsi,123
3607,prenderà,123
3608,partiamo,123
3609,museo,123
3610,mostrato,123
3611,misura,123
3612,larga,123
3613,istruzioni,123
3614,fresca,123
3615,crewe,123
3616,coinvolto,123
3617,centesimi,123
3618,attivare,123
3619,alicia,123
3620,africa,123
3621,verme,122
3622,teas,122
3623,squadre,122
3624,sport,122
3625,sapesse,122
3626,saluti,122
3627,ross,122
3628,ro,122
3629,rifiutato,122
3630,prodotto,122
3631,or,122
3632,noto,122
3633,nè,122
3634,nathan,122
3635,materiale,122
3636,incendio,122
3637,house,122
3638,feci,122
3639,domando,122
3640,consigli,122
3641,chiamerò,122
3642,cattive,122
3643,cappotto,122
3644,cancro,122
3645,calore,122
3646,cadaveri,122
3647,butta,122
3648,bibbia,122
3649,amata,122
3650,vestita,121
3651,vescovo,121
3652,uccelli,121
3653,tragedia,121
3654,straordinaria,121
3655,sciocca,121
3656,quinto,121
3657,metterò,121
3658,mettendo,121
3659,liceo,121
3660,incontrati,121
3661,gene,121
3662,firmato,121
3663,falla,121
3664,espressione,121
3665,discussione,121
3666,deunan,121
3667,costo,121
3668,coperto,121
3669,complicato,121
3670,comitato,121
3671,colonia,121
3672,catturato,121
3673,beccato,121
3674,accusato,121
3675,wong,120
3676,volante,120
3677,visite,120
3678,viaggiare,120
3679,soldo,120
3680,shh,120
3681,sentimento,120
3682,reputazione,120
3683,pancia,120
3684,nervosa,120
3685,medici,120
3686,it,120
3687,intelligenza,120
3688,iavoro,120
3689,giocando,120
3690,finisci,120
3691,dovevano,120
3692,divertendo,120
3693,comunità,120
3694,andò,120
3695,verrai,119
3696,umore,119
3697,uccido,119
3698,sire,119
3699,seno,119
3700,scoprirlo,119
3701,replicatori,119
3702,red,119
3703,pulita,119
3704,pubblica,119
3705,mettilo,119
3706,meriti,119
3707,li',119
3708,kay,119
3709,ferite,119
3710,fan,119
3711,facce,119
3712,esami,119
3713,eccitante,119
3714,dormo,119
3715,dolcezza,119
3716,ditemi,119
3717,distrutta,119
3718,contadini,119
3719,cio',119
3720,calcio,119
3721,blanche,119
3722,aula,119
3723,abitudine,119
3724,voto,118
3725,vendita,118
3726,vedova,118
3727,vasca,118
3728,superare,118
3729,spiego,118
3730,sottofondo,118
3731,sol,118
3732,seguendo,118
3733,segretaria,118
3734,rumori,118
3735,preparo,118
3736,preferisci,118
3737,pene,118
3738,olio,118
3739,odi,118
3740,julian,118
3741,giochiamo,118
3742,fratellino,118
3743,frankie,118
3744,fiamme,118
3745,essi,118
3746,dicessi,118
3747,decisioni,118
3748,da',118
3749,contea,118
3750,conosceva,118
3751,confusione,118
3752,coca,118
3753,brooklyn,118
3754,aspettami,118
3755,annie,118
3756,villa,117
3757,varie,117
3758,valle,117
3759,tornerai,117
3760,talmente,117
3761,spasso,117
3762,segui,117
3763,sciopero,117
3764,resa,117
3765,peccati,117
3766,pazienti,117
3767,patate,117
3768,pastore,117
3769,parlargli,117
3770,parecchio,117
3771,menti,117
3772,legame,117
3773,lasciarla,117
3774,lancia,117
3775,imbecille,117
3776,fatica,117
3777,dallas,117
3778,corre,117
3779,convincere,117
3780,compra,117
3781,complesso,117
3782,college,117
3783,ch',117
3784,blocco,117
3785,bambola,117
3786,avvicina,117
3787,aspetterò,117
3788,antica,117
3789,altrove,117
3790,aiutarlo,117
3791,vola,116
3792,voita,116
3793,topi,116
3794,smettetela,116
3795,portalo,116
3796,perdo,116
3797,militari,116
3798,maiali,116
3799,lega,116
3800,impara,116
3801,imbarazzante,116
3802,eterno,116
3803,essermi,116
3804,ebbe,116
3805,ciel,116
3806,chiara,116
3807,calci,116
3808,angeli,116
3809,warren,115
3810,tocchi,115
3811,tagliare,115
3812,spieghi,115
3813,sapevamo,115
3814,salva,115
3815,possiede,115
3816,pentru,115
3817,indossare,115
3818,indiano,115
3819,impegnato,115
3820,immaginavo,115
3821,farô,115
3822,elegante,115
3823,dipartimento,115
3824,cultura,115
3825,corleone,115
3826,cittadini,115
3827,chitarra,115
3828,campana,115
3829,botte,115
3830,andai,115
3831,allenatore,115
3832,vió,114
3833,vigliacco,114
3834,usano,114
3835,totalmente,114
3836,tiri,114
3837,taci,114
3838,soggetto,114
3839,serviva,114
3840,sconosciuto,114
3841,roman,114
3842,rifiuto,114
3843,ricominciare,114
3844,restiamo,114
3845,raccogliere,114
3846,quadrante,114
3847,poeta,114
3848,personaggi,114
3849,pericolosa,114
3850,percy,114
3851,pattuglia,114
3852,nuda,114
3853,morgan,114
3854,matta,114
3855,inizi,114
3856,immaginazione,114
3857,giulia,114
3858,frutta,114
3859,facciano,114
3860,entrano,114
3861,decide,114
3862,custode,114
3863,chiamando,114
3864,brucia,114
3865,bassa,114
3866,alzare,114
3867,aiutatemi,114
3868,affinché,114
3869,stretta,113
3870,spaventata,113
3871,serpente,113
3872,sembrato,113
3873,savannah,113
3874,riconoscere,113
3875,rete,113
3876,quassù,113
3877,provarci,113
3878,principio,113
3879,preda,113
3880,polly,113
3881,pieni,113
3882,paulie,113
3883,missile,113
3884,mentale,113
3885,lasciar,113
3886,lanciare,113
3887,innocenti,113
3888,funzionano,113
3889,dacci,113
3890,colleghi,113
3891,ciô,113
3892,cintura,113
3893,cambi,113
3894,bioriod,113
3895,b',113
3896,attraversare,113
3897,andie,113
3898,alti,113
3899,urlando,112
3900,ta,112
3901,stiano,112
3902,sorta,112
3903,sofferto,112
3904,smetta,112
3905,ringraziare,112
3906,ricca,112
3907,pronte,112
3908,prenderemo,112
3909,portati,112
3910,pesca,112
3911,mettono,112
3912,leri,112
3913,leggo,112
3914,incontri,112
3915,holmes,112
3916,guadagnato,112
3917,gordon,112
3918,figiio,112
3919,duri,112
3920,demonio,112
3921,cantina,112
3922,cancello,112
3923,brusio,112
3924,balena,112
3925,anita,112
3926,acque,112
3927,accetta,112
3928,togli,111
3929,super,111
3930,sofferenza,111
3931,simbolo,111
3932,rovinare,111
3933,rossi,111
3934,rivedere,111
3935,ricompensa,111
3936,quaggiù,111
3937,profondamente,111
3938,procedura,111
3939,onde,111
3940,ministero,111
3941,mezzi,111
3942,malcolm,111
3943,karin,111
3944,guardarmi,111
3945,eventi,111
3946,dormendo,111
3947,detta,111
3948,dava,111
3949,cia,111
3950,caspita,111
3951,carità,111
3952,cabina,111
3953,boone,111
3954,avreste,111
3955,avendo,111
3956,amelia,111
3957,wallace,110
3958,uccideranno,110
3959,trattava,110
3960,terribilmente,110
3961,semplici,110
3962,seguo,110
3963,riparare,110
3964,riconosco,110
3965,rendo,110
3966,rapidamente,110
3967,preparando,110
3968,pagine,110
3969,morirai,110
3970,monte,110
3971,mogli,110
3972,majka,110
3973,jeff,110
3974,improvvisamente,110
3975,eterna,110
3976,entrati,110
3977,el,110
3978,disgustoso,110
3979,deiie,110
3980,cugina,110
3981,condotto,110
3982,avevate,110
3983,alieno,110
3984,addirittura,110
3985,addestramento,110
3986,accuse,110
3987,vide,109
3988,vedrete,109
3989,vari,109
3990,spaziale,109
3991,soddisfatto,109
3992,segreta,109
3993,sandy,109
3994,risolto,109
3995,ripreso,109
3996,rebecca,109
3997,reato,109
3998,pulire,109
3999,preparati,109
4000,pazzia,109
4001,paghi,109
4002,nervi,109
4003,nasconde,109
4004,muoio,109
4005,mh,109
4006,mastropiero,109
4007,iniziamo,109
4008,grand,109
4009,fatelo,109
4010,elanna,109
4011,disegno,109
4012,desiderato,109
4013,collegamento,109
4014,brutti,109
4015,bimbo,109
4016,abra,109
4017,will,108
4018,voti,108
4019,vedervi,108
4020,tubo,108
4021,trasporto,108
4022,tradimento,108
4023,terrore,108
4024,sesto,108
4025,sentono,108
4026,sano,108
4027,piscina,108
4028,peggiori,108
4029,on,108
4030,Lydia,108
4031,licenza,108
4032,las,108
4033,Jackie,108
4034,gomma,108
4035,feriti,108
4036,faro,108
4037,evento,108
4038,elettrica,108
4039,dovranno,108
4040,divano,108
4041,dimenticata,108
4042,dé,108
4043,daremo,108
4044,criminali,108
4045,contadino,108
4046,confronti,108
4047,ció,108
4048,cacciatore,108
4049,bara,108
4050,accada,108
4051,abitanti,108
4052,viste,107
4053,stretto,107
4054,strani,107
4055,ritmo,107
4056,preside,107
4057,poterlo,107
4058,penserà,107
4059,parleremo,107
4060,normali,107
4061,martedì,107
4062,luigi,107
4063,informato,107
4064,guardano,107
4065,fermatevi,107
4066,esecuzione,107
4067,elementi,107
4068,eccetto,107
4069,duca,107
4070,compiti,107
4071,catena,107
4072,bravissimo,107
4073,bastano,107
4074,avvertito,107
4075,adora,107
4076,accadrà,107
4077,visitare,106
4078,suoni,106
4079,spinto,106
4080,spetta,106
4081,spesa,106
4082,spegnere,106
4083,secco,106
4084,riusciremo,106
4085,riserva,106
4086,reed,106
4087,quota,106
4088,progetti,106
4089,portava,106
4090,morso,106
4091,infine,106
4092,guerriero,106
4093,grano,106
4094,giapponesi,106
4095,essersi,106
4096,distruzione,106
4097,cina,106
4098,cavo,106
4099,biblioteca,106
4100,banco,106
4101,alzi,106
4102,vargas,105
4103,trono,105
4104,teresa,105
4105,strumenti,105
4106,spiega,105
4107,riuscirò,105
4108,ribelli,105
4109,relazioni,105
4110,quindici,105
4111,professionista,105
4112,produttore,105
4113,presenta,105
4114,pollitt,105
4115,perdi,105
4116,pazzesco,105
4117,patente,105
4118,passano,105
4119,paro,105
4120,Nick,105
4121,mar,105
4122,liberare,105
4123,lasciatelo,105
4124,Kelly,105
4125,infanzia,105
4126,indovina,105
4127,faro',105
4128,eva,105
4129,esplodere,105
4130,eliminare,105
4131,elenco,105
4132,dispiacerebbe,105
4133,dean,105
4134,dannata,105
4135,commedia,105
4136,cassaforte,105
4137,Carol,105
4138,brindisi,105
4139,bandiera,105
4140,ascoltando,105
4141,apra,105
4142,vorranno,104
4143,vitale,104
4144,torneremo,104
4145,tienilo,104
4146,tecnica,104
4147,svelti,104
4148,spegni,104
4149,Simpson,104
4150,sentirlo,104
4151,saltato,104
4152,proverò,104
4153,profonda,104
4154,prezioso,104
4155,potrete,104
4156,piangi,104
4157,ostaggi,104
4158,osso,104
4159,mura,104
4160,mira,104
4161,mettersi,104
4162,medicine,104
4163,Lucas,104
4164,liberato,104
4165,hmm,104
4166,fondi,104
4167,Emily,104
4168,ds,104
4169,Detroit,104
4170,deii',104
4171,compagna,104
4172,Celeste,104
4173,Carrie,104
4174,capirlo,104
4175,bombe,104
4176,avventura,104
4177,assistenza,104
4178,annuncio,104
4179,altrettanto,104
4180,alleanza,104
4181,accendere,104
4182,Walt,103
4183,undici,103
4184,tolga,103
4185,speranze,103
4186,spazzatura,103
4187,spagna,103
4188,sforzo,103
4189,seguitemi,103
4190,scarpa,103
4191,rivedremo,103
4192,rimanga,103
4193,rifiuti,103
4194,ridotto,103
4195,realmente,103
4196,positivo,103
4197,penserò,103
4198,pensavamo,103
4199,orrore,103
4200,noia,103
4201,mezzogiorno,103
4202,Lincoln,103
4203,leggendo,103
4204,johnson,103
4205,immagina,103
4206,guido,103
4207,gordo,103
4208,giurato,103
4209,fermata,103
4210,fermarlo,103
4211,federazione,103
4212,eccome,103
4213,cody,103
4214,chiediamo,103
4215,bionda,103
4216,averci,103
4217,armati,103
4218,apertura,103
4219,alcol,103
4220,tokyo,102
4221,telegramma,102
4222,sinceramente,102
4223,scoperta,102
4224,rubata,102
4225,risulta,102
4226,rinforzi,102
4227,rimarrà,102
4228,principi,102
4229,pasto,102
4230,occorre,102
4231,notare,102
4232,ned,102
4233,mensa,102
4234,marcello,102
4235,magnifica,102
4236,giugno,102
4237,gara,102
4238,fotografie,102
4239,esserne,102
4240,diventerà,102
4241,diamine,102
4242,contessa,102
4243,contatti,102
4244,cognome,102
4245,cioccolato,102
4246,buttare,102
4247,brandy,102
4248,bestie,102
4249,violento,101
4250,veterinario,101
4251,umorismo,101
4252,succo,101
4253,stivali,101
4254,sordo,101
4255,solita,101
4256,scopare,101
4257,sapevano,101
4258,riga,101
4259,regali,101
4260,preghiera,101
4261,pallottola,101
4262,palco,101
4263,ombre,101
4264,muoviamoci,101
4265,litigare,101
4266,guerrieri,101
4267,geniale,101
4268,fregato,101
4269,emozione,101
4270,educazione,101
4271,dopotutto,101
4272,dea,101
4273,copertura,101
4274,cesso,101
4275,allegra,101
4276,aii',101
4277,wayne,100
4278,tradizione,100
4279,traditore,100
4280,sporca,100
4281,sospetti,100
4282,smetterla,100
4283,sfida,100
4284,selvaggio,100
4285,roccia,100
4286,riportato,100
4287,ralph,100
4288,pr,100
4289,papa',100
4290,novembre,100
4291,limiti,100
4292,lily,100
4293,fisico,100
4294,festeggiare,100
4295,fermate,100
4296,disponibile,100
4297,comunista,100
4298,comunicare,100
4299,chiederò,100
4300,chiamarla,100
4301,brady,100
4302,benone,100
4303,atterraggio,100
4304,alt,100
4305,aggiungere,100
4306,adam,100
4307,vice,99
4308,valigie,99
4309,trovarci,99
4310,sperare,99
4311,sorridere,99
4312,soci,99
4313,sindacato,99
4314,serva,99
4315,ritirare,99
4316,ripley,99
4317,ripetere,99
4318,ragazzini,99
4319,obiezione,99
4320,mutande,99
4321,mm,99
4322,minima,99
4323,marchi,99
4324,j,99
4325,invisibile,99
4326,houston,99
4327,grosse,99
4328,giocatori,99
4329,finestre,99
4330,fidi,99
4331,fascino,99
4332,estremamente,99
4333,esperienze,99
4334,debiti,99
4335,daca,99
4336,crea,99
4337,considerare,99
4338,caos,99
4339,cacciato,99
4340,beviamo,99
4341,bada,99
4342,autorizzazione,99
4343,ala,99
4344,aiutarvi,99
4345,vomitare,98
4346,viaggi,98
4347,tasse,98
4348,suonato,98
4349,sfortunatamente,98
4350,señor,98
4351,segnali,98
4352,sapore,98
4353,ruota,98
4354,religione,98
4355,registrazione,98
4356,pugnale,98
4357,progressi,98
4358,possesso,98
4359,peste,98
4360,occupati,98
4361,lusso,98
4362,kimble,98
4363,harris,98
4364,gustav,98
4365,facevamo,98
4366,facciamolo,98
4367,evidente,98
4368,elvis,98
4369,crediamo,98
4370,continuiamo,98
4371,chiude,98
4372,carburante,98
4373,bugia,98
4374,bruciare,98
4375,boss,98
4376,battuto,98
4377,andavo,98
4378,vincitore,97
4379,tenuta,97
4380,spiritoso,97
4381,sfortuna,97
4382,sessuali,97
4383,scafo,97
4384,salvi,97
4385,rodney,97
4386,repubblica,97
4387,recuperare,97
4388,procedere,97
4389,preferita,97
4390,partecipare,97
4391,ossigeno,97
4392,merce,97
4393,lascerà,97
4394,jane,97
4395,insetti,97
4396,influenza,97
4397,gentili,97
4398,generoso,97
4399,fort,97
4400,forme,97
4401,famosa,97
4402,estero,97
4403,elicottero,97
4404,dir,97
4405,diede,97
4406,dicevano,97
4407,curare,97
4408,clinica,97
4409,chiedono,97
4410,cantante,97
4411,asta,97
4412,asilo,97
4413,ammazza,97
4414,amano,97
4415,toro,96
4416,straniero,96
4417,sforzi,96
4418,sensibile,96
4419,scozia,96
4420,scienziati,96
4421,sceneggiatura,96
4422,sabina,96
4423,romantica,96
4424,rivolta,96
4425,piaccio,96
4426,pelo,96
4427,parere,96
4428,pacifico,96
4429,organizzare,96
4430,mobili,96
4431,mckay,96
4432,magazzino,96
4433,linee,96
4434,investito,96
4435,imputato,96
4436,impero,96
4437,gus,96
4438,gioielli,96
4439,feli,96
4440,feiice,96
4441,earl,96
4442,dora,96
4443,divertirsi,96
4444,disgrazia,96
4445,daranno,96
4446,cucinare,96
4447,cresciuta,96
4448,conferenza,96
4449,commissario,96
4450,circolo,96
4451,cap,96
4452,cambiano,96
4453,bree,96
4454,baseball,96
4455,weir,95
4456,v',95
4457,usate,95
4458,tipico,95
4459,tentando,95
4460,teniamo,95
4461,spostati,95
4462,sottovoce,95
4463,siccome,95
4464,sherman,95
4465,scienziato,95
4466,scatole,95
4467,ripresa,95
4468,rilevato,95
4469,riconosce,95
4470,ricetta,95
4471,prepari,95
4472,prepararsi,95
4473,pozione,95
4474,piove,95
4475,piene,95
4476,osborne,95
4477,is,95
4478,interrompere,95
4479,insegnare,95
4480,iniezione,95
4481,grady,95
4482,foste,95
4483,fermarmi,95
4484,ella,95
4485,doug,95
4486,curiosità,95
4487,costume,95
4488,concetto,95
4489,certezza,95
4490,boston,95
4491,arrestare,95
4492,anderson,95
4493,abituato,95
4494,uovo,94
4495,spinta,94
4496,soffre,94
4497,sere,94
4498,sedetevi,94
4499,scrivo,94
4500,scordato,94
4501,schifoso,94
4502,scambio,94
4503,russa,94
4504,rispettare,94
4505,proiettile,94
4506,probabilità,94
4507,potenti,94
4508,parete,94
4509,out,94
4510,oscurità,94
4511,orbita,94
4512,nebbia,94
4513,moretti,94
4514,miracoli,94
4515,lionel,94
4516,lenny,94
4517,jen,94
4518,hans,94
4519,giappone,94
4520,fecero,94
4521,esagerato,94
4522,emilie,94
4523,diventati,94
4524,demoni,94
4525,combattuto,94
4526,cesare,94
4527,cannoni,94
4528,alloggio,94
4529,y,93
4530,vergogno,93
4531,staremo,93
4532,riuscirà,93
4533,ritrovato,93
4534,picchiato,93
4535,pensai,93
4536,parlavo,93
4537,parlami,93
4538,nuotare,93
4539,muri,93
4540,muova,93
4541,miliardi,93
4542,mean,93
4543,machine,93
4544,karloff,93
4545,hanka,93
4546,gonna,93
4547,giunto,93
4548,gestire,93
4549,fucili,93
4550,fagioli,93
4551,esperimenti,93
4552,elemento,93
4553,conosca,93
4554,cancellare,93
4555,archer,93
4556,amy,93
4557,adulti,93
4558,wyatt,92
4559,vacanze,92
4560,udienza,92
4561,statua,92
4562,shannon,92
4563,sfuggire,92
4564,sepolto,92
4565,sbrigatevi,92
4566,sapendo,92
4567,queiia,92
4568,prendila,92
4569,popolare,92
4570,phaser,92
4571,party,92
4572,organizzazione,92
4573,nucleo,92
4574,muto,92
4575,magico,92
4576,madam,92
4577,lasciano,92
4578,istituto,92
4579,gatti,92
4580,gabbia,92
4581,eroi,92
4582,enterprise,92
4583,dimostrato,92
4584,devlin,92
4585,cuori,92
4586,crema,92
4587,copertina,92
4588,contenti,92
4589,coniglio,92
4590,collezione,92
4591,chiuse,92
4592,chiamarti,92
4593,carlo,92
4594,biancheria,92
4595,barbiere,92
4596,atteggiamento,92
4597,ascoltatemi,92
4598,anthony,92
4599,animo,92
4600,album,92
4601,valigetta,91
4602,usciti,91
4603,usata,91
4604,trattamento,91
4605,touchdown,91
4606,svegli,91
4607,strumento,91
4608,roberto,91
4609,riportare,91
4610,portello,91
4611,pipì,91
4612,passami,91
4613,orgoglioso,91
4614,offrire,91
4615,munizioni,91
4616,manager,91
4617,man,91
4618,luoghi,91
4619,locke,91
4620,izo,91
4621,incastrato,91
4622,green,91
4623,graal,91
4624,girati,91
4625,francamente,91
4626,ditta,91
4627,disperato,91
4628,coop,91
4629,continuano,91
4630,cominciò,91
4631,ciascuno,91
4632,caporale,91
4633,campionato,91
4634,campanello,91
4635,assunto,91
4636,accomodati,91
4637,venivano,90
4638,vascello,90
4639,trenta,90
4640,svelta,90
4641,stufa,90
4642,squilla,90
4643,sorridi,90
4644,segua,90
4645,salvezza,90
4646,rosse,90
4647,risorse,90
4648,riflettere,90
4649,pino,90
4650,perduta,90
4651,noioso,90
4652,nascosta,90
4653,mikey,90
4654,matematica,90
4655,maledetti,90
4656,locali,90
4657,leggera,90
4658,jenny,90
4659,impazzita,90
4660,imbarazzo,90
4661,greci,90
4662,golf,90
4663,gita,90
4664,gelosa,90
4665,garage,90
4666,funzione,90
4667,federale,90
4668,et,90
4669,dovunque,90
4670,diego,90
4671,deposito,90
4672,delizioso,90
4673,cooper,90
4674,congresso,90
4675,concentrati,90
4676,cioe',90
4677,capitale,90
4678,batteria,90
4679,autunno,90
4680,autore,90
4681,aumento,90
4682,arriveranno,90
4683,arrabbiare,90
4684,armadio,90
4685,appetito,90
4686,ansia,90
4687,viveva,89
4688,tramonto,89
4689,taylor,89
4690,suggerisco,89
4691,sparta,89
4692,sparita,89
4693,sentirai,89
4694,ringraziamento,89
4695,ricordato,89
4696,portala,89
4697,percorso,89
4698,onorevole,89
4699,mollare,89
4700,metodo,89
4701,mandati,89
4702,maie,89
4703,luglio,89
4704,kgb,89
4705,impatto,89
4706,immaginato,89
4707,fagli,89
4708,evviva,89
4709,diretti,89
4710,din,89
4711,dimenticavo,89
4712,dev,89
4713,degno,89
4714,costi,89
4715,confronto,89
4716,civili,89
4717,blue,89
4718,benedetto,89
4719,ashley,89
4720,vodka,88
4721,vip,88
4722,vermi,88
4723,tende,88
4724,sposarsi,88
4725,sintomi,88
4726,sebastian,88
4727,sconfitta,88
4728,ritiro,88
4729,riparo,88
4730,questioni,88
4731,presso,88
4732,polso,88
4733,particolarmente,88
4734,operazioni,88
4735,onesta,88
4736,norma,88
4737,morirò,88
4738,matt,88
4739,mario,88
4740,malvagio,88
4741,mae,88
4742,lnvece,88
4743,livelli,88
4744,jean,88
4745,intervista,88
4746,inevitabile,88
4747,indagini,88
4748,impedire,88
4749,grecia,88
4750,grace,88
4751,fottuta,88
4752,fottere,88
4753,fisica,88
4754,fidarti,88
4755,fatevi,88
4756,famosi,88
4757,eternità,88
4758,eric,88
4759,disturbare,88
4760,consegna,88
4761,condotta,88
4762,cittadino,88
4763,christian,88
4764,blaney,88
4765,bicicletta,88
4766,aumentare,88
4767,assalto,88
4768,agio,88
4769,acceso,88
4770,volontario,87
4771,verdetto,87
4772,ubriaca,87
4773,tubi,87
4774,troveranno,87
4775,tornano,87
4776,stabilire,87
4777,spingi,87
4778,scrisse,87
4779,saro',87
4780,salsa,87
4781,rientrare,87
4782,rapito,87
4783,portò,87
4784,perdiamo,87
4785,partiti,87
4786,note,87
4787,nancy,87
4788,musicale,87
4789,muori,87
4790,megiio,87
4791,mc,87
4792,lire,87
4793,lili,87
4794,lavorano,87
4795,hannah,87
4796,falsa,87
4797,cuba,87
4798,creazione,87
4799,comporta,87
4800,comandi,87
4801,coglione,87
4802,capirai,87
4803,campioni,87
4804,cambiamenti,87
4805,busta,87
4806,benvenuta,87
4807,azzurro,87
4808,arrivò,87
4809,are,87
4810,appoggio,87
4811,anubis,87
4812,antenati,87
4813,alternativa,87
4814,vivente,86
4815,unghie,86
4816,trasformato,86
4817,trasferito,86
4818,toccarmi,86
4819,terre,86
4820,tenda,86
4821,tasche,86
4822,stadio,86
4823,sorveglianza,86
4824,smallville,86
4825,sentiva,86
4826,sembrerebbe,86
4827,scappata,86
4828,sareste,86
4829,rispondete,86
4830,rifiuta,86
4831,presentato,86
4832,precisamente,86
4833,pianeti,86
4834,paó,86
4835,ni,86
4836,mettetevi,86
4837,marleen,86
4838,indizi,86
4839,giudicare,86
4840,esperimento,86
4841,dramma,86
4842,continuamente,86
4843,compassione,86
4844,clara,86
4845,ciara,86
4846,capanna,86
4847,callahan,86
4848,bater,86
4849,badare,86
4850,archie,86
4851,appunti,86
4852,amsterdam,86
4853,adorabile,86
4854,vietato,85
4855,uccidono,85
4856,testamento,85
4857,sposarti,85
4858,spento,85
4859,sorprende,85
4860,scommessa,85
4861,scandalo,85
4862,rispondo,85
4863,rimangono,85
4864,rappresenta,85
4865,pugni,85
4866,psichiatra,85
4867,professione,85
4868,pop,85
4869,pero,85
4870,parente,85
4871,pacchetto,85
4872,metterlo,85
4873,mercoledì,85
4874,matthew,85
4875,matilde,85
4876,mangiano,85
4877,mangiamo,85
4878,kathryn,85
4879,internazionale,85
4880,innamorati,85
4881,helena,85
4882,hanson,85
4883,guardava,85
4884,gang,85
4885,fulmine,85
4886,fotografo,85
4887,figlie,85
4888,fata,85
4889,ethan,85
4890,dottori,85
4891,divina,85
4892,davis,85
4893,darvi,85
4894,comporti,85
4895,collina,85
4896,cieca,85
4897,cecilia,85
4898,candela,85
4899,baciato,85
4900,baciami,85
4901,attacchi,85
4902,appare,85
4903,amanti,85
4904,aerea,85
4905,accademia,85
4906,vulcaniani,84
4907,tigre,84
4908,termini,84
4909,successa,84
4910,single,84
4911,signa,84
4912,sentirsi,84
4913,scrivendo,84
4914,saprai,84
4915,ryan,84
4916,rischioso,84
4917,rg,84
4918,registrato,84
4919,quartier,84
4920,quantità,84
4921,prendetelo,84
4922,preghiere,84
4923,porno,84
4924,politico,84
4925,poesie,84
4926,perdonare,84
4927,parcheggio,84
4928,onestamente,84
4929,nascosti,84
4930,meó,84
4931,leva,84
4932,leggero,84
4933,jeffrey,84
4934,hm,84
4935,giuste,84
4936,gin,84
4937,generazioni,84
4938,flusso,84
4939,fango,84
4940,fama,84
4941,estranei,84
4942,equilibrio,84
4943,elezioni,84
4944,doppia,84
4945,disagio,84
4946,colpisce,84
4947,colloquio,84
4948,canti,84
4949,calze,84
4950,biscotti,84
4951,aspettava,84
4952,aprile,84
4953,am,84
4954,alzato,84
4955,alquanto,84
4956,zoo,83
4957,vedeva,83
4958,vampiro,83
4959,titoli,83
4960,stress,83
4961,sospira,83
4962,somiglia,83
4963,sollievo,83
4964,sembrerà,83
4965,sederti,83
4966,ritirata,83
4967,ramón,83
4968,pupa,83
4969,protagonista,83
4970,potranno,83
4971,pollltt,83
4972,pierce,83
4973,petra,83
4974,pessimo,83
4975,perse,83
4976,offeso,83
4977,ò,83
4978,muovi,83
4979,modulo,83
4980,minore,83
4981,materia,83
4982,marion,83
4983,linguaggio,83
4984,invitati,83
4985,giuramento,83
4986,giornalisti,83
4987,giâ,83
4988,frutto,83
4989,fenomeno,83
4990,esistere,83
4991,entusiasmo,83
4992,edie,83
4993,debolezza,83
4994,corse,83
4995,correte,83
4996,confusa,83
4997,comprensione,83
4998,circondato,83
4999,chiamarlo,83
5000,cercarlo,83